id,value0,value1,value2,value3,value4,value5,value6,value7,value8,value9,value10,label
0,-0.4394,-0.093,0.1718,0.462,0.6226,0.4704,0.3578,0.0478,-0.1184,-0.231,-0.2958,1
1,-0.4348,-0.1198,0.2474,0.4036,0.5026,0.6328,0.4948,0.0338,-0.052,-0.1302,-0.0964,1
2,-0.233,0.2124,0.5014,0.5222,-0.3422,-0.584,-0.7168,-0.6342,-0.8614,-0.8318,-0.7228,2
3,-0.3808,-0.0096,0.2602,0.2554,-0.429,-0.6746,-0.6868,-0.665,-0.841,-0.9614,-0.7374,2
4,-0.3412,0.0946,0.6082,0.6216,-0.1622,-0.3784,-0.4324,-0.4358,-0.4966,-0.5406,-0.5472,3
5,-0.4634,0.0306,0.3546,0.4448,-0.1022,-0.4184,-0.6388,-0.437,-0.4396,-0.6654,-0.7424,3
6,-0.3364,-0.0102,0.2132,0.2018,-0.6146,-0.838,-0.813,-0.724,-0.8062,-0.8996,-0.7766,4
7,-0.4798,-0.158,0.1764,0.182,-0.6378,-0.84,-0.728,-0.6654,-0.7978,-0.7904,-0.8088,4
8,-0.3928,0.0424,0.2166,0.2124,-0.4564,-0.62,-0.7112,-0.6602,-0.6942,-0.792,-0.8026,5
9,-0.5494,-0.094,0.2868,0.2964,-0.5326,-0.7204,-0.7518,-0.7398,-0.8482,-0.8386,-0.8988,5
10,-0.3646,0.0904,0.2374,0.3044,0.6188,0.7592,0.9264,0.6522,0.6054,0.2442,0.224,6
11,-0.6926,-0.3318,-0.1414,-0.1512,0.0098,0.2926,0.244,0.3074,-0.0098,-0.0536,-0.0634,6
12,-0.2532,0.167,0.347,0.3734,-0.257,-0.726,-0.8086,-0.636,-0.7748,-0.8536,-0.8386,7
13,-0.403,-0.1284,0.2986,0.2358,-0.9134,-0.7552,-0.7642,-0.7134,-0.7014,-0.794,-0.8268,7
14,-0.3216,0.186,0.1248,0.3654,0.488,0.4618,-0.1816,-0.0854,-0.2516,-0.453,-0.4354,8
15,-0.5368,-0.2516,0.1448,0.1848,0.3184,0.1982,0.1046,-0.2472,-0.3898,-0.3364,-0.3364,8
16,-0.455,-0.1044,-0.0924,-0.03,0.1068,0.3782,0.8248,0.9856,1,0.964,0.9784,9
17,-0.4804,-0.1238,0.0792,0.1114,0.07,0.4096,0.445,0.7326,0.8448,0.9616,1,9
18,-0.3368,0.0026,0.5802,0.4706,0.2514,-0.091,-0.361,-0.3664,-0.2326,-0.4866,-0.5,10
19,-0.588,-0.2028,0.1304,0.2278,0.2132,-0.1822,-0.296,-0.3084,-0.7722,-0.4224,-0.5052,10
20,-0.256,0.391,0.263,0.4948,0.7854,0.8132,0.346,0.218,0.083,-0.1418,-0.2214,11
21,-0.3896,0.1042,0.319,0.4478,0.8252,0.7576,0.5982,0.319,0.23,0.0184,-0.0062,11
22,-0.3384,0.1034,0.226,0.3206,0.7114,0.6372,0.6808,0.3026,0.1468,-0.0932,-0.1776,12
23,-0.481,-0.1146,0.2654,0.289,0.5102,0.5514,0.618,0.236,0.0696,-0.0324,-0.003,12
24,-0.2116,0.2024,0.4222,0.4596,0.7216,0.5954,0.434,0.069,0.0036,-0.2234,-0.055,13
25,-0.5672,-0.2202,0.022,0.0734,0.1058,0.1516,0.224,-0.1058,-0.1898,-0.102,-0.3156,13
26,-0.516,-0.212,0.1686,0.1976,0.1562,-0.0176,-0.0362,-0.0672,-0.154,-0.636,-0.4106,14
27,-0.533,-0.0868,0.1838,0.2394,0.4428,0.2694,-0.015,-0.2924,-0.422,-0.5654,-0.6232,14
28,-0.3656,0.0296,0.316,0.5526,0.903,0.9574,0.9834,0.8556,0.9314,0.9692,0.3822,15
29,-0.5154,-0.174,0.314,0.5392,0.8566,0.9488,0.7884,0.7508,0.8464,1,0.7542,15
30,-0.3098,0.2158,0.3686,0.4566,-0.0484,-0.4362,-0.812,-0.5712,-0.4538,-0.8532,-0.718,16
31,-0.3762,0.0632,0.2266,0.3142,-0.206,-0.4752,-0.7284,-0.5858,-0.6156,-0.7032,-0.7538,16
32,-0.3176,0.0996,0.3048,0.3744,-0.3492,-0.6208,-0.6998,-0.643,-0.7884,-0.763,-0.6936,17
33,-0.279,0.2374,0.4154,0.5134,-0.0178,-0.3858,-0.7656,-0.6736,-0.733,-0.7092,-0.724,17
34,-0.4244,-0.0186,0.0166,0.0042,0.2506,0.3686,0.7432,1,0.9254,0.9544,0.4844,18
35,-0.5984,-0.2426,-0.1252,-0.0934,0.0178,0.3082,0.5646,0.847,0.9602,1,0.658,18
36,-0.6026,-0.1354,-0.0874,-0.0568,0.4628,0.5458,0.3712,0.2052,0.0132,-0.1834,-0.166,19
37,-0.8796,-0.213,-0.1712,0.0046,0.2084,0.2592,0.125,-0.2038,-0.3288,-0.3334,-0.5602,19
38,-0.2424,0.4094,0.2872,0.446,0.1608,-0.3402,-0.4786,-0.4624,-0.4704,-0.5764,-0.4908,20
39,-0.5926,-0.0874,0.1376,0.283,-0.172,-0.5502,-0.656,-0.5926,-0.7936,-0.6032,-0.5952,20
40,-0.1836,0.2302,0.148,0.1178,-0.4028,-0.8136,-0.4986,-0.4466,-0.789,-0.9068,-0.8904,21
41,-0.2844,0.0396,0.0974,0.0472,-0.8342,-0.9228,-0.8514,-0.8842,-0.8824,-0.9498,-0.8862,21
42,-0.093,0.6112,1,0.9436,0.6778,-0.2956,-0.0664,0.0432,-0.4784,-0.5614,-0.4418,22
43,-0.4244,0.0856,0.102,-0.0428,-0.1644,-0.9244,-0.5922,-0.4178,-0.6678,-0.7402,-0.5592,22
44,-0.2562,0.1016,0.565,0.7138,0.8926,1,0.7176,0.71,0.5368,0.548,0.6026,23
45,-0.1854,0.2124,0.6642,0.743,1,0.8384,0.714,0.3348,0.1958,0.1358,0.084,23
46,-0.4722,-0.093,-0.249,-0.1078,0.2714,0.368,0.658,0.5986,0.3308,0.1672,0.1078,24
47,-0.632,-0.136,-0.152,-0.104,0.176,0.368,0.368,0.312,-0.048,-0.104,-0.176,24
48,-0.2538,0.1388,0.655,0.885,0.9214,1,0.7644,0.7784,0.4614,0.1108,-0.0266,25
49,-0.3322,0.1474,1,0.9352,0.3938,0.799,0.6662,0.4814,-0.1572,-0.2998,-0.5688,25
50,-0.3978,-0.1384,0.2616,0.1604,-0.3758,-0.7934,-0.7186,-0.6088,-0.5868,-0.5252,-0.5604,26
51,-0.5526,-0.2762,0.286,0.1834,-0.4646,-0.8606,-0.687,-0.582,-0.7042,-0.8264,-0.7066,26
52,0.0362,0.751,0.7188,1,0.9358,0.984,0.8072,0.4338,0.229,0.2088,-0.008,1
53,0.022,0.674,0.6082,0.9122,0.768,1,0.7932,0.5204,0.1786,0.1568,-0.1974,1
54,0.2234,1,0.934,0.7564,0.604,-0.0254,-0.3148,-0.3858,-0.6192,-0.5736,-0.6548,2
55,0.208,1,0.9758,0.8424,0.7374,0.099,-0.0506,-0.2646,-0.491,-0.499,-0.3898,2
56,0.002,0.8828,0.9232,0.7132,0.7172,0.1556,0.0788,-0.309,-0.4344,-0.5434,-0.5596,3
57,0.1346,0.9904,1,0.774,0.7116,0.1682,0.101,-0.4278,-0.476,-0.3846,-0.4616,3
58,0.1626,1,0.9732,0.706,0.5768,-0.069,-0.2606,-0.4388,-0.568,-0.4522,-0.715,4
59,0.1888,1,0.9602,0.7534,0.5706,0.1372,-0.0418,-0.4076,-0.5826,-0.4314,-0.515,4
60,0.0616,0.7376,0.658,0.7336,0.5188,0.0854,-0.2326,-0.4116,-0.8568,-0.8568,-0.7256,5
61,0.0824,0.9882,1,0.6784,0.4784,-0.0902,-0.3254,-0.298,-0.4392,-0.804,-0.596,5
62,0.0956,0.8426,0.7978,0.8202,0.7304,1,0.8426,0.6742,0.4326,0.0898,-0.028,6
63,-0.082,0.541,0.4918,0.6502,0.7378,1,0.8744,0.4864,0.3006,0.235,0.0656,6
64,0.0342,0.9872,0.9958,0.718,0.6324,0.1538,0.0642,-0.3462,-0.4102,-0.5982,-0.6196,7
65,0.0322,0.7782,0.758,0.5162,0.4354,0,-0.0524,-0.5524,-0.6088,-0.6048,-0.4678,7
66,-0.0616,0.5954,0.7302,1,0.8652,0.9238,0.4898,0.2668,-0.0674,-0.1144,-0.1848,8
67,-0.1398,0.4766,0.6944,0.8756,0.9534,1,0.5906,0.3626,0.1036,-0.0622,-0.0518,8
68,-0.2488,0.2248,0.3122,0.442,0.6772,0.6712,1,0.8944,0.834,0.7044,0.7496,9
69,-0.1922,0.3414,0.2632,0.4884,0.525,0.6474,0.9388,1,0.6696,0.6132,0.667,9
70,-0.0304,0.628,0.653,1,0.8998,0.3668,0.1162,0.17,-0.0948,-0.1556,-0.2272,10
71,0.0226,0.717,0.7548,1,0.9246,0.5736,0.3208,0.2226,0.0642,0.0754,-0.132,10
72,0.0534,0.8978,0.92,0.9556,0.9466,0.9956,1,0.3912,0.3112,-0.0666,-0.08,11
73,-0.0062,0.8044,0.7964,0.939,0.8982,1,0.9552,0.3972,0.2586,0.051,-0.055,11
74,0.0038,0.7004,0.6304,0.8132,0.7744,1,0.8678,0.6654,0.3814,0.1946,-0.0078,12
75,-0.0074,0.6144,0.5666,0.8146,0.734,1,0.8684,0.6412,0.408,0.1868,-0.0702,12
76,0.0326,0.697,0.6678,0.746,0.658,1,0.8632,0.531,0.355,0.241,0.0326,13
77,-0.064,0.5432,0.5042,0.585,0.7438,1,0.8608,0.3956,0.2144,0.326,0.103,13
78,-0.082,0.5116,0.459,0.5766,0.7466,1,0.8392,0.5394,0.2582,0.2642,0.119,14
79,-0.1218,0.4714,0.4126,0.6358,0.862,1,0.7886,0.5566,0.2188,0.1894,0.0102,14
80,-0.1834,0.3176,0.4516,0.578,1,0.996,0.7554,0.6174,0.6332,0.4438,0.5424,15
81,-0.0652,0.5296,0.4658,0.6844,0.8362,1,0.7512,0.8058,0.4598,0.5022,0.0288,15
82,0.0878,0.961,1,0.5166,0.5126,0.037,-0.0604,-0.3178,-0.3216,-0.497,-0.345,16
83,0.1688,1,0.9822,0.7512,0.6666,-0.0312,-0.0978,-0.2444,-0.4088,-0.5112,-0.4356,16
84,0.0852,0.963,1,0.6296,0.6408,-0.0296,0.0222,-0.363,-0.326,-0.474,-0.326,17
85,0.179,0.965,0.965,0.895,0.8678,0.323,0.3036,-0.4164,-0.4396,-0.249,-0.2802,17
86,-0.1994,0.3122,0.2408,0.447,0.5544,0.6726,0.9532,1,0.6038,0.5654,0.4498,18
87,-0.1652,0.4112,0.3764,0.4708,0.5578,0.759,0.8782,1,0.7888,0.605,0.5802,18
88,-0.1838,0.3556,0.3222,0.5848,0.7184,1,0.8854,0.5656,0.3556,0.3366,0.198,19
89,-0.0072,0.6182,0.6038,0.7422,0.7136,1,0.9046,0.5084,0.3604,0.2268,0.0072,19
90,-0.0504,0.9496,1,0.3854,0.3486,-0.2018,-0.2386,-0.399,-0.422,-0.6926,-0.6422,20
91,0.0548,0.9738,1,0.6236,0.5318,-0.011,-0.1072,-0.4486,-0.5492,-0.6062,-0.5142,20
92,0.2552,1,0.9054,0.502,0.2182,-0.3004,-0.5474,-0.465,-0.6748,-0.753,-0.7614,21
93,0.214,1,0.9378,0.6148,0.4786,-0.2684,-0.4552,-0.4552,-0.7004,-0.568,-0.747,21
94,0.1064,1,0.9958,0.7494,0.6994,0.1274,0.048,-0.4406,-0.478,-0.6116,-0.5282,22
95,0.1476,1,0.9328,0.4804,0.3122,-0.5664,-0.4804,-0.413,-0.4804,-0.3794,-0.4392,22
96,-0.0746,0.613,0.6026,0.9058,0.8484,1,0.613,0.383,0.1974,0.187,0.1686,23
97,-0.0608,0.584,0.5352,0.837,0.9392,1,0.7348,0.3018,0.36,0.365,0.1022,23
98,-0.283,0.3812,0.4264,0.6,0.8868,1,0.917,0.5774,0.2604,0.2528,0.1622,24
99,-0.1222,0.4984,0.4852,0.7162,0.9076,1,0.7294,0.7492,0.3796,0.3598,0.1288,24
100,0.007,0.699,0.616,0.9758,1,0.9966,0.8616,0.8824,0.7198,0.6748,-0.2698,25
101,0.031,0.7462,0.6874,1,0.8204,0.8762,0.6564,0.7182,0.3622,0.0402,-0.418,25
102,0.1992,0.9602,0.8924,1,0.8088,0.0638,-0.1554,-0.3148,-0.5258,-0.4184,-0.3666,26
103,0.187,1,0.9096,0.9828,0.772,-0.2344,-0.4494,-0.372,-0.544,-0.4796,-0.4924,26
104,-0.91,-0.387,-0.3066,0.2048,0.1928,0.6852,0.5644,0.2782,0.181,0.2072,0.077,1
105,-0.9832,-0.4854,-0.3556,-0.1214,0.205,0.3284,0.1882,0.2364,0.2218,0.1758,0.1402,1
106,-0.8064,-0.1644,-0.2044,0.2228,0.0814,-0.4962,-0.5238,-0.318,-0.4532,-0.2904,-0.4348,2
107,-0.9042,0.0684,-0.0136,-0.0342,-0.315,-0.5206,-0.6028,-0.5068,-0.7054,-0.6164,-0.6918,2
108,-0.961,0.1922,0.3298,-0.2988,-0.2416,-0.548,-0.2832,-0.3896,-0.1376,-0.148,-0.3454,3
109,-0.5492,0.7524,0.7524,-0.1936,-0.1428,-0.1492,-0.1048,-0.1302,-0.2634,-0.5682,-0.7842,3
110,-0.6772,-0.0366,-0.1246,-0.044,-0.2444,-0.56,-0.5966,-0.511,-0.5232,-0.4914,-0.4866,4
111,-0.8672,-0.3452,0.239,0.2772,-0.407,-0.6696,-0.6372,-0.531,-0.531,-0.711,-0.6224,4
112,-0.883,-0.2362,-0.269,0.0042,-0.189,-0.5586,-0.6694,-0.7084,-0.651,-0.5894,-0.7104,5
113,-0.7954,-0.142,-0.227,-0.1394,-0.397,-0.6786,-0.8008,-0.7476,-0.7636,-0.7184,-0.7184,5
114,-0.9472,-0.3782,-0.3608,-0.1026,0.2434,0.5602,0.4604,0.4076,0.2258,0.349,0.1496,6
115,-0.9732,-0.208,-0.2484,0.1208,0.4094,0.7584,0.5168,0.6442,0.3422,0.396,0.2148,6
116,-0.8294,-0.2682,-0.1688,0.1012,-0.1368,-0.627,-0.5134,-0.46,-0.3784,-0.4068,-0.357,7
117,-0.7976,0.0328,-0.003,-0.0714,-0.2024,-0.494,-0.5268,-0.4524,-0.613,-0.4136,-0.5684,7
118,-0.9214,-0.4888,-0.1686,0.2192,0.2078,-0.0168,-0.2416,-0.1798,-0.1292,-0.1516,-0.146,8
119,-0.9948,-0.3334,-0.2512,-0.0924,-0.0206,-0.1334,-0.2154,-0.1642,-0.2512,-0.3744,-0.3488,8
120,-0.958,-0.4784,-0.4878,-0.3084,-0.1594,-0.0594,0.2666,0.4878,1,0.9512,0.8486,9
121,-0.887,-0.64,-0.4206,-0.28,-0.017,0.1412,0.506,0.5884,0.8708,0.8498,1,9
122,-0.7432,0.0582,0.0366,0.4006,0.3426,0.101,-0.0244,0.1314,-0.0582,0.0336,-0.1132,10
123,-0.6276,0.3046,0.2616,0.5476,0.4646,0.5384,0.3662,0.2984,0.1046,-0.0216,-0.1138,10
124,-0.93,0.166,0.2786,0.1934,0.379,0.6074,0.8874,0.5616,0.2664,0.0928,0.315,11
125,-0.9088,-0.0842,-0.0596,-0.365,-0.2772,0.0562,0.2,-0.179,-0.1088,-0.565,-0.3404,11
126,-0.9274,-0.2452,-0.2426,0.1232,0.2762,0.5046,0.2426,0.1854,0.1726,0.2192,0.0844,12
127,-0.8806,-0.2176,-0.3172,-0.1266,0.394,0.5504,0.4054,0.4594,0.1608,0.1436,0.084,12
128,-0.6834,0.3278,0.2944,-0.4778,0.225,1,0.8862,0.8778,0.75,0.5694,0.4056,13
129,-0.8164,-0.0292,-0.0376,0.1682,-0.0432,-0.185,-0.3268,-0.21,-0.5048,-0.3824,-0.466,13
130,-0.5052,0.2894,0.1684,0.5764,0.2868,0.1948,-0.2684,-0.2394,-0.0236,-0.0158,-0.421,14
131,-0.714,0.1774,0.1088,-0.0094,-0.1938,-0.3192,-0.5342,-0.468,-0.61,-0.435,-0.7352,14
132,-0.9896,-0.4078,-0.4244,0.0476,0.1884,0.6314,0.5446,0.6108,0.6854,1,0.911,15
133,-0.7836,0.0366,-0.0092,0.2226,0.1798,0.5214,0.4054,0.6798,0.7714,1,0.6068,15
134,-0.1702,0.0212,0.4042,0.383,0,0.149,0.234,-0.0638,0.0638,0.0638,0.3618,16
135,-0.995,0.371,0.4938,-0.253,-0.5824,-0.5332,-0.145,-0.2776,-0.484,-0.4448,-0.4202,16
136,-0.8746,0.18,0.283,-0.389,-0.6366,-0.479,-0.2958,-0.463,-0.3602,-0.4438,-0.418,17
137,-0.8484,0.1642,0.2172,-0.6388,-0.692,-0.457,-0.3132,-0.6642,-0.5606,-0.75,-0.5732,17
138,-0.9488,-0.617,-0.3934,-0.2492,0.0598,0.3516,0.765,0.7252,0.7896,0.9716,1,18
139,-0.698,-0.1732,-0.2706,-0.4062,-0.076,0.082,0.5826,0.6514,0.848,0.8176,1,18
140,-0.939,-0.4132,-0.3896,-0.122,0.1126,0.2958,0.2816,0.324,0.23,0.2394,0.23,19
141,-0.9516,-0.3044,-0.372,-0.2608,0.0338,0.3382,0.1208,-0.0918,-0.1498,-0.0772,-0.1014,19
142,-0.6444,0.7592,0.8444,-0.3186,-0.7408,-0.2074,0.0038,-0.4,-0.526,-0.7704,-0.5074,20
143,-0.9646,0.3398,0.4028,-0.4578,-0.391,-0.3006,-0.273,-0.497,-0.442,-0.6346,-0.615,20
144,-0.7022,0.0088,-0.1698,-0.0472,-0.4606,-0.4712,-0.5762,-0.6358,-0.6882,-0.6882,-0.6742,21
145,-0.5156,0.1736,-0.0182,-0.3704,-0.4326,-0.3808,-0.785,-0.8108,-0.785,-0.759,-0.6762,21
146,-0.725,0.0508,0.0192,-0.0666,-0.1184,-0.2852,-0.3912,-0.4048,-0.5378,-0.3618,-0.5378,22
147,-0.72,-0.0886,-0.1944,-0.0264,-0.297,-0.6516,-0.4682,-0.406,-0.5864,-0.6112,-0.6018,22
148,-0.853,-0.4938,0.4612,0.4368,-0.551,-0.6572,-0.5918,-0.5346,-0.3552,-0.7224,-0.4858,23
149,-0.6564,-0.1764,0.1718,0.2142,-0.8118,-0.6564,-0.5812,-0.6376,-0.7036,-0.6658,-0.6752,23
150,-0.8358,-0.2,-0.1898,-0.2,0.118,0.723,0.7436,0.4564,0.3334,0.3334,0.2924,24
151,-0.8696,-0.5144,-0.442,-0.1376,0.1086,0.2536,0.3116,0.1884,0.1522,-0.029,0.0144,24
152,-0.2362,0.4386,0.819,1,0.3282,0.224,0.092,-0.224,-0.7914,-0.73,-0.819,25
153,-0.3814,0.518,0.3738,0.6888,0.4952,0.5104,1,0.7572,0.2448,-0.1348,-0.6394,25
154,-0.3444,0.7142,0.619,0.3882,0.1502,-0.1942,-0.2858,-0.0036,-0.2674,-0.0842,-0.1466,26
155,-0.8738,0.1594,0.1096,0.1662,0.0332,-0.5648,-0.681,-0.618,-0.7044,-0.3554,-0.4984,26
156,-0.284,0.1694,0.3222,0.4654,0.957,0.9666,0.451,0.2792,0.2506,0.0596,0.093,1
157,-0.5052,-0.212,0.0732,0.288,0.5838,0.5184,0.5498,0.178,0.0706,0.0524,0.013,1
158,-0.155,0.3838,0.3838,0.5572,0.2324,-0.262,-0.7232,-0.7638,-0.5388,-0.6974,-0.6532,2
159,-0.2268,0.244,0.4742,0.5946,0,-0.5532,-0.6186,-0.6632,-0.6908,-0.8626,-0.8866,2
160,-0.0866,0.593,0.6536,0.8962,0.697,0.1732,-0.065,-0.1774,-0.1774,-0.2078,-0.355,3
161,-0.308,0.336,0.332,0.312,0.224,-0.064,-0.156,-0.288,-0.38,-0.38,-0.448,3
162,-0.2868,0.0992,0.8236,0.783,-0.0258,-0.3566,-0.375,-0.511,-0.75,-0.8786,-0.739,4
163,-0.3936,-0.0346,0.2102,0.2978,-0.1038,-0.3138,-0.4602,-0.5878,-0.5346,-0.5558,-0.5558,4
164,-0.3382,0.1078,0.0162,0.161,-0.0842,-0.3974,-0.6928,-0.6928,-0.619,-0.7252,-0.7076,5
165,-0.3742,0.0552,-0.0184,0.1092,-0.1558,-0.4184,-0.573,-0.573,-0.6516,-0.7816,-0.7252,5
166,-0.4016,-0.0708,0.1812,0.2834,0.5512,0.8346,0.8898,0.4174,0.1732,0.1102,0.2048,6
167,-0.275,0.0656,0.1678,0.3284,0.6934,0.674,0.6886,0.528,0.236,0.27,0.2604,6
168,-0.1486,0.3644,0.5724,0.725,0.238,-0.2156,-0.4536,-0.5688,-0.4052,-0.4944,-0.4908,7
169,-0.3928,-0.0532,0.2796,0.3414,-0.2144,-0.3756,-0.5472,-0.554,-0.5608,-0.6604,-0.65,7
170,-0.3614,-0.0302,0.259,0.5602,0.771,0.5662,0.3374,0.1988,0.0722,-0.0784,-0.0302,8
171,-0.5106,-0.2234,0.149,0.282,0.6276,0.5532,0.0638,0.0532,0.0692,-0.0212,-0.0478,8
172,-0.4546,-0.2324,0.0258,0.0078,0.1088,0.4456,0.688,0.771,0.89,0.8496,0.89,9
173,-0.4554,-0.1938,0.0416,0.0298,0.1772,0.5386,0.6932,0.8454,1,0.9406,0.8382,9
174,-0.2424,0.1486,0.6742,0.727,0.7678,0.5764,0.1812,0.0876,-0.0632,-0.0224,-0.1284,10
175,-0.3426,0.0462,0.3982,0.5246,0.574,0.5772,-0.068,-0.0124,0.108,0.0154,0.0246,10
176,-0.1878,0.4084,0.3428,0.5492,0.662,0.878,0.6432,0.6244,0.2864,0.1738,0.1174,11
177,-0.3654,0.3254,0.253,0.5702,0.7028,1,0.7912,0.6626,0.3254,0.3614,0.0964,11
178,-0.291,0.1066,0.1844,0.2664,0.6886,0.7786,0.9754,0.7132,0.2172,0.3484,0.2172,12
179,-0.4518,-0.1632,0.1952,0.2914,0.5454,0.8796,0.845,0.1872,0.1176,0.1444,0.1176,12
180,-0.291,0.081,0.3736,0.399,0.4562,0.5262,0.6152,0.4118,0.3164,0.1224,0.1288,13
181,-0.3372,0.1006,0.0462,0.2048,0.6,0.7136,0.5242,0.3136,0.1384,0.136,0.0414,13
182,-0.5,-0.1894,-0.0048,0.1068,0.4344,0.364,0.25,0.0558,0.0364,-0.1796,-0.2476,14
183,-0.327,0.0768,-0.0014,0.117,0.607,0.6796,0.311,0.1764,0.0364,-0.0068,-0.0578,14
184,-0.398,-0.0506,0.2244,0.2706,0.5862,0.893,1,0.6672,0.5716,0.7888,0.8668,15
185,-0.3414,0.0396,0.25,0.3536,0.756,0.8324,1,0.7958,0.5488,0.878,0.8324,15
186,-0.032,0.754,0.7914,0.353,0.369,0,0.0534,-0.3102,-0.262,-0.4974,-0.4706,16
187,-0.1682,0.5632,0.591,0.2756,0.2998,0.0018,0.0086,-0.1266,-0.1022,-0.376,-0.234,16
188,0,0.8412,0.836,0.5344,0.4974,0.053,0.0794,-0.217,-0.0846,-0.3756,-0.418,17
189,-0.1526,0.4488,0.4608,0.28,0.286,0.0222,-0.0014,-0.1526,-0.123,-0.2592,-0.2592,17
190,-0.4654,-0.2364,0.0486,0.1146,0.2694,0.6346,0.8864,0.9504,1,0.8452,0.7874,18
191,-0.4606,-0.222,0.0104,0.002,0.1702,0.6078,0.8216,0.9896,1,0.9606,0.7302,18
192,-0.3082,0.0828,0.2706,0.3308,0.827,0.8422,1,0.6466,-0.015,0.1428,0.0602,19
193,-0.3918,0.0676,0.0136,0.2432,0.6756,0.7298,0.4798,0.419,0.196,0.1352,0.1486,19
194,-0.0896,0.5394,0.5284,0.4332,0.404,0.1408,0.0822,-0.1188,-0.17,-0.3492,-0.4224,20
195,-0.265,0.4808,0.5138,0.1554,0.192,-0.1956,-0.1152,-0.2944,-0.2102,-0.532,-0.309,20
196,0.0142,0.6524,0.5988,0.5608,0.444,0.1596,-0.0174,-0.3112,-0.4186,-0.447,-0.3176,21
197,-0.266,0.182,0.2504,0.381,-0.0264,-0.409,-0.5676,-0.5956,-0.58,-0.6268,-0.5738,21
198,-0.2184,0.174,0.6962,0.669,-0.1808,-0.546,-0.5052,-0.7236,-0.761,-0.6962,-0.7134,22
199,-0.3172,0.105,0.1822,0.3342,0.1098,-0.1798,-0.3534,-0.3438,-0.368,-0.421,-0.4114,22
200,-0.236,0.3866,0.3618,0.7012,0.746,1,0.9258,0.4876,0.3618,0.5236,0.3752,23
201,-0.262,0.1764,0.5828,0.7112,0.9786,0.893,0.5508,0.3904,0.3048,0.0696,0.0696,23
202,-0.4546,-0.0378,0.0606,0.1516,0.5304,0.6212,0.6666,0.5758,0.3788,0.3484,0.2424,24
203,-0.4958,-0.2308,0.1368,0.2736,0.453,0.7436,0.7606,0.282,0.017,0.0428,0.0598,24
204,-0.0468,0.301,0.8762,0.9934,1,0.679,0.3812,0.224,0.0904,-0.311,-0.4616,25
205,-0.3004,0.018,0.3484,0.4654,0.7298,0.982,1,0.8258,0.6486,0.4954,-0.063,25
206,-0.1408,0.291,0.9248,0.9296,0.0846,-0.3286,-0.4694,-0.4226,-0.4226,-0.5822,-0.2582,26
207,-0.2022,0.221,0.6816,0.734,0.146,-0.3034,-0.3258,-0.4682,-0.472,-0.4832,-0.4794,26
208,-0.6596,-0.1854,-0.0568,0.193,0.1904,0.2736,0.024,0.087,-0.0012,-0.0064,-0.0316,1
209,-0.6226,-0.1738,0.016,0.2134,0.2208,0.2478,0.1246,0.122,0.0308,-0.0456,0.0184,1
210,-0.3462,0.2686,0.2028,0.352,0.2086,-0.3754,-0.5422,-0.4026,-0.612,-0.4956,-0.1872,2
211,-0.4608,0.1234,0.12,0.3148,0.0678,-0.7356,-0.5826,-0.5548,-0.5234,-0.586,-0.454,2
212,-0.534,0.2562,0.2592,0.4074,0.3828,-0.1698,-0.1976,-0.3426,-0.3828,-0.284,-0.3086,3
213,-0.4808,0.2536,0.213,0.5132,0.4036,-0.2414,-0.3914,-0.363,-0.4686,-0.3306,-0.2982,3
214,-0.3908,0.129,0.0774,0.1608,0.0436,-0.4028,-0.4048,-0.3076,-0.4108,-0.3194,-0.3412,4
215,-0.4304,0.1094,0.0526,0.1848,0.0554,-0.4926,-0.5844,-0.471,-0.5358,-0.4602,-0.444,4
216,-0.631,0.0836,0.1206,-0.0208,-0.0348,-0.3852,-0.348,-0.4686,-0.4338,-0.6148,-0.5336,5
217,-0.601,0.0166,-0.0266,-0.052,-0.1818,-0.6722,-0.5884,-0.54,-0.6748,-0.7002,-0.662,5
218,-0.0546,0.5272,0.491,-0.1272,-0.3818,0.1272,0.2364,1,0.9272,0.3454,0.2,6
219,-0.7294,-0.2892,-0.1884,-0.0026,0.4536,0.5596,0.581,0.6022,0.268,0.1406,0.1034,6
220,-0.3492,0.1436,0.276,0.4676,0.1972,-0.3746,-0.3098,-0.3464,-0.2508,-0.3492,-0.2564,7
221,-0.4522,0.0146,0.027,0.1992,-0.0248,-0.5208,-0.4212,-0.4108,-0.4918,-0.5726,-0.3424,7
222,-0.5826,-0.1408,0.2718,0.4272,0.1796,0.131,-0.034,-0.0826,-0.0728,-0.1068,-0.1554,8
223,-0.6756,-0.167,0.172,0.3946,0.23,0.1526,-0.0364,0.0072,-0.0364,-0.075,-0.0314,8
224,-0.561,-0.2184,-0.046,0.0414,0.2072,0.505,0.6596,0.9574,1,0.897,0.7962,9
225,-0.7872,-0.4604,-0.2128,-0.1218,0.1142,0.4738,0.7544,0.8974,0.8994,0.998,1,9
226,-0.4752,0.0388,0.312,0.6144,0.4618,0.0414,-0.0468,0.0414,0.004,0.0308,0.0468,10
227,-0.5422,-0.1034,0.316,0.4406,0.2452,0.1456,0.1322,0.0114,0.0172,0.021,0.0824,10
228,-0.5376,0.0156,-0.0696,0.254,0.444,0.5802,0.3532,0.4326,0.3078,0.2964,0.2028,11
229,-0.6244,-0.1244,0.0132,0.2566,0.4022,0.5396,0.2752,0.2276,0.2434,0.2302,0.1958,11
230,-0.5634,-0.1464,-0.0024,0.1318,0.5146,0.561,0.7268,0.661,0.4244,0.2976,0.3292,12
231,-0.6314,-0.2174,0.0124,0.147,0.5258,0.5508,0.675,0.5942,0.3996,0.263,0.3416,12
232,-0.5654,-0.0556,0.0298,0.2704,0.4282,0.5654,0.3014,0.3712,0.1228,0.1022,0.0816,13
233,-0.5564,-0.014,-0.0516,0.2652,0.2958,0.5,0.317,0.223,-0.0188,0.0846,-0.1338,13
234,-0.4936,-0.0218,0.2682,0.4224,0.3578,0.4154,0.3486,0.298,0.1484,0.0104,-0.2106,14
235,-0.5882,-0.148,0.1054,0.264,0.4486,0.4792,0.2426,0.2378,0.0912,0.0414,-0.103,14
236,-0.585,0.014,0.0764,0.3166,0.8066,0.975,0.816,0.819,0.7754,0.844,1,15
237,-0.431,0.0586,0.3208,0.4848,0.9742,1,0.8314,0.7752,0.9976,0.815,0.6768,15
238,-0.4844,0.2222,0.1866,0.2888,0.2222,-0.3022,-0.3866,-0.3288,-0.5112,-0.4266,-0.3556,16
239,-0.6142,0.0788,0.0734,-0.0462,-0.0408,-0.375,-0.394,-0.549,-0.5952,-0.5896,-0.6278,16
240,-0.484,0.1804,0.1506,0.2558,0.1736,-0.2694,-0.3768,-0.3858,-0.4932,-0.331,-0.4292,17
241,-0.548,0.1328,0.1432,0.0592,0.0618,-0.1616,-0.1406,-0.4848,-0.4902,-0.3298,-0.3246,17
242,-0.6656,-0.2284,-0.0842,0.0492,0.53,0.6306,1,0.9826,0.906,0.8558,0.6962,18
243,-0.6038,-0.1452,0,0.1204,0.5228,0.581,1,0.9378,0.9544,0.7988,0.7966,18
244,-0.5532,-0.1012,-0.0234,0.1948,0.413,0.6,0.5584,0.465,0.3454,0.3298,0.2416,19
245,-0.7288,-0.3422,-0.1334,0.0088,0.3688,0.4444,0.5822,0.5512,0.2178,0.1734,0.2934,19
246,-0.552,0.1332,0.1332,-0.0044,0.0102,-0.306,-0.2942,-0.5462,-0.4904,-0.5578,-0.5314,20
247,-0.626,0.1126,0.1378,0.0174,-0.0142,-0.3852,-0.3248,-0.4516,-0.4896,-0.6926,-0.5722,20
248,-0.4156,0.0572,0.1278,0.2512,-0.2218,-0.6828,-0.5536,-0.5418,-0.4626,-0.6212,-0.6328,21
249,-0.4158,0.0666,-0.1346,-0.0254,-0.5854,-0.7964,-0.9904,-0.92,-0.7478,-0.7696,-0.8546,21
250,-0.4548,0.1042,0.3534,0.5232,0.1232,-0.6658,-0.4082,-0.452,-0.3918,-0.578,-0.4164,22
251,-0.4528,0.1218,0.0698,0.2694,-0.0588,-0.4692,-0.4994,-0.5158,-0.3188,-0.3406,-0.4582,22
252,-0.4914,0.1386,0.0854,0.3168,0.1726,-0.3092,-0.5028,-0.313,-0.4914,-0.3928,-0.6242,23
253,-0.4188,0.3056,0.4364,0.849,0.6806,0.3408,0.1422,0.3032,0.2352,0.4138,0.5598,23
254,-0.9562,-0.5256,-0.2408,-0.1898,0.2628,0.5766,0.4964,0.051,0.0146,0.0072,0,24
255,-0.757,-0.2872,-0.2762,-0.0498,0.3536,0.4752,0.4806,0.464,0.127,0.1382,0.1104,24
256,-0.3978,0.0822,0.9336,1,0.3846,0.7852,0.9072,0.3104,0.2414,-0.1486,-0.4032,25
257,-0.361,0.2412,0.9268,1,0.1048,0.3778,0.4642,-0.238,-0.4442,-0.4842,-0.6938,25
258,-0.2614,0.3352,0.304,0.5568,0.3324,-0.2982,-0.5056,-0.412,-0.0624,-0.0852,-0.1676,26
259,-0.3512,0.277,0.2622,0.4844,0.2712,-0.3926,-0.4162,-0.3274,-0.286,-0.283,-0.2386,26
260,-0.3018,-0.005,0.4672,0.7876,0.8752,0.5414,0.3456,0.0994,-0.0624,-0.1264,-0.1366,1
261,-0.2136,0.0642,0.624,1,0.9786,0.641,0.1624,0.0642,-0.1452,-0.3034,-0.4102,1
262,0.0328,0.472,1,0.8598,-0.458,-0.5374,-0.715,-0.6588,-0.6122,-0.8412,-0.8552,2
263,0.0524,0.4936,1,0.9168,-0.472,-0.3744,-0.4792,-0.5914,-0.7252,-0.8734,-0.9746,2
264,-0.1086,0.388,0.6674,0.6762,-0.3836,-0.6718,-0.6852,-0.7074,-0.6542,-0.7428,-0.9646,3
265,-0.0488,0.4488,1,0.9318,-0.3854,-0.356,-0.5512,-0.961,-0.5804,-0.7074,-0.9074,3
266,0.1038,0.7218,0.9602,1,-0.0994,-0.4702,-0.6248,-0.713,-0.8234,-0.9072,-0.872,4
267,0.096,0.4732,1,0.974,-0.535,-0.5186,-0.587,-0.8374,-0.8308,-0.8472,-0.9252,4
268,0.0278,0.5712,0.5674,0.5342,-0.1202,-0.4232,-0.9446,-0.6156,-0.6156,-0.7264,-0.7856,5
269,0.1764,0.5458,0.938,0.8104,-0.6732,-0.7222,-0.745,-0.719,-0.768,-0.9738,-0.7352,5
270,-0.2916,-0.0406,0.2694,0.4464,0.9704,1,0.5202,0.0332,-0.0406,-0.203,-0.3948,6
271,-0.324,0.0634,0.486,0.5986,0.7324,1,0.7184,0.0282,0.1268,-0.0986,-0.1268,6
272,-0.1848,0.036,0.2824,0.1592,0.0318,-0.4734,-0.741,-0.826,-0.9406,-0.809,-0.7538,7
273,-0.0876,0.2442,0.7282,0.6036,-0.2718,-0.47,-0.7096,-0.9262,-0.9862,-0.871,-0.894,7
274,-0.3442,-0.1256,0.3826,0.7486,0.7978,0.3224,0.1202,0.0382,-0.0164,-0.1804,-0.2186,8
275,-0.2796,0.1552,0.5714,1,0.9752,0.4224,-0.0932,-0.2796,-0.3602,-0.4162,-0.6708,8
276,-0.4574,-0.239,0.0136,0.0956,0.3448,0.5188,0.7782,0.9796,1,0.826,0.5392,9
277,-0.309,-0.0016,0.3388,0.19,0.4348,0.848,1,0.9834,0.7818,0.8842,0.7984,9
278,-0.1166,0.355,1,0.9242,0.935,-0.0082,-0.328,-0.5502,-0.6476,-0.6314,-0.6532,10
279,-0.2428,0.251,0.6872,1,0.9794,0.1976,-0.033,-0.2058,-0.539,-0.572,-0.5474,10
280,-0.1106,0.3682,0.8068,0.8752,0.9798,0.8028,0.5292,0.2516,0.167,-0.1188,-0.332,11
281,-0.1518,0.2978,0.72,0.8224,0.9448,0.7358,0.578,0.2624,0.077,-0.073,-0.3018,11
282,-0.3788,-0.1118,0.2732,0.3976,0.6584,1,0.823,0.3168,0.3478,0.2268,0.174,12
283,-0.2984,-0.0282,0.3772,0.4672,0.7974,1,0.6248,0.1594,0.1894,-0.167,-0.2232,12
284,-0.1536,0.2282,0.7386,0.6888,0.581,0.2034,-0.029,-0.3942,-0.4648,-0.581,-0.7966,13
285,-0.1134,0.2522,0.8698,0.7606,0.7942,0.3782,0.1554,-0.2478,-0.1302,-0.4706,-0.9874,13
286,-0.0902,0.2924,0.9516,0.8286,0.8814,0.2176,-0.0506,-0.0286,-0.6308,-0.6616,-0.6748,14
287,-0.0984,0.4344,1,0.7664,0.6352,0.3524,-0.0082,-0.209,-0.5574,-0.9672,-0.8278,14
288,-0.2524,0.1012,0.4732,0.5764,0.7864,1,0.7716,0.477,0.86,0.8232,0.7128,15
289,-0.3844,-0.0944,0.3462,0.5322,0.8768,1,0.6526,0.7292,0.7592,0.4364,0.0478,15
290,0.0634,0.7142,0.8678,1,0.3068,-0.545,-0.4762,-0.6138,-0.5768,-0.619,-0.6772,16
291,-0.1904,0.475,1,0.8878,-0.042,-0.3466,-0.6272,-0.5712,-0.6032,-0.8878,-0.7916,16
292,0.0138,0.6314,0.6452,0.8388,0.341,-0.493,-0.447,-0.6222,-0.4884,-0.599,-0.6268,17
293,0.0924,0.5678,0.941,1,-0.1474,-0.3596,-0.3438,-0.5442,-0.6738,-0.9646,-0.89,17
294,-0.3778,0.0154,0.2352,0.257,0.3622,0.678,0.743,0.873,1,0.8824,0.1702,18
295,-0.4492,-0.0198,0.2204,0.1978,0.8362,0.8786,0.8474,1,0.8644,0.565,0.0112,18
296,-0.3448,-0.0884,0.3676,0.5042,0.7038,1,0.7606,-0.0598,0.134,-0.02,-0.0826,19
297,-0.3676,-0.1452,0.3334,0.51,0.8632,1,0.527,0.0884,-0.037,-0.0142,-0.2022,19
298,0.0772,0.7518,0.6908,0.8782,0.185,-0.377,-0.5316,-0.6628,-0.6722,-0.6206,-0.6722,20
299,0.0794,0.5596,1,0.996,-0.254,-0.6468,-0.6388,-0.7698,-0.7064,-0.7896,-0.8016,20
300,0.2214,0.5246,1,0.8402,-0.6188,-0.7132,-0.5696,-0.6762,-0.7786,-0.8484,-0.9016,21
301,0.1286,0.7878,0.9322,0.7382,-0.5214,-0.6524,-0.8058,-0.851,-0.7878,-0.9052,-0.8466,21
302,-0.0174,0.3538,1,0.9606,-0.1528,-0.345,-0.3362,-0.8558,-0.703,-0.6724,-0.9564,22
303,0.042,0.373,1,0.8102,-0.139,-0.5982,-0.9028,-0.8454,-0.7528,-0.819,-0.8984,22
304,-0.1574,0.1844,0.6988,0.8984,1,0.9898,0.621,0.2082,0.1236,-0.3164,-0.4112,23
305,-0.1446,0.4968,1,0.7358,-0.2516,-0.9246,-0.629,-0.6478,-0.6856,-0.9622,-0.9434,23
306,-0.305,0,0.2712,0.3136,0.8306,0.8984,0.5932,0.2034,0.195,-0.0508,0.017,24
307,-0.3684,-0.0526,0.2712,0.5142,0.9758,1,0.6194,0.3198,0.0364,-0.1336,-0.1418,24
308,0.1286,0.5108,1,0.8572,0.6286,0.1822,0.2036,0.1178,-0.2108,-0.7464,-0.5358,25
309,0.2608,0.6464,1,0.8714,0.6822,0.2858,0.0536,0.0392,-0.1142,-0.6536,-0.7608,25
310,-0.074,0.4044,1,0.8696,-0.4696,-0.4522,-0.674,-0.7696,-0.8086,-0.8218,-0.8608,26
311,-0.0208,0.6984,0.9676,0.587,0.1832,0.0394,-0.6102,-0.3178,-0.8004,-0.638,-0.638,26
312,-0.4556,-0.1628,0.219,0.4112,0.6864,0.9526,0.7604,0.3492,0.0356,0.0356,0.0356,1
313,-0.324,0.0642,0.2626,0.3826,0.8044,0.7682,0.6062,0.3798,0.1592,0.1312,0.0614,1
314,-0.0922,0.5064,0.4978,0.9008,0.8212,0.3106,0.234,0.01,-0.0724,-0.0752,-0.149,2
315,-0.0936,0.399,0.7536,0.8916,0.5468,0.399,0.0592,-0.2512,-0.2758,-0.1084,-0.1674,2
316,-0.1152,0.4486,0.749,0.8888,0.7242,0.6832,0.2552,0.1194,0.033,0.0412,0.0824,3
317,-0.166,0.4092,0.7104,0.9498,0.776,0.6564,0.2934,0.197,0.0926,0.0734,0.1544,3
318,-0.0466,0.5904,0.7616,1,0.743,0.2142,-0.2402,-0.2142,-0.2402,-0.2998,-0.229,4
319,-0.0694,0.4336,0.8772,1,0.3702,0.2554,-0.1366,-0.2316,-0.1564,-0.2594,-0.3584,4
320,-0.2496,0.2234,0.615,0.7128,0.292,-0.2986,-0.4584,-0.54,-0.4128,-0.5562,-0.5498,5
321,-0.2366,0.2006,0.553,0.6836,0.3474,-0.266,-0.305,-0.3768,-0.5008,-0.5758,-0.527,5
322,-0.2608,0.2034,0.3696,0.5072,0.9828,0.9942,0.2492,0.083,0.1862,-0.0946,-0.129,6
323,-0.4086,-0.113,0.2058,0.5188,0.716,0.716,0.3566,0.1072,-0.0956,-0.055,-0.1304,6
324,0.0176,0.65,0.5858,0.756,0.6084,0.1012,0.0016,-0.0304,-0.2232,-0.1654,-0.1428,7
325,-0.1418,0.4018,0.5214,0.7504,0.535,0.0154,-0.2274,-0.1898,-0.224,-0.2718,-0.1146,7
326,-0.517,-0.2178,0.1286,0.433,0.5276,0.496,0.3544,0.391,0.1024,0.0708,0.1234,8
327,-0.3194,0.0722,0.2634,0.3986,0.8228,0.8554,0.5478,0.4732,0.3194,0.1656,0.2354,8
328,-0.4624,-0.2358,0.104,0.1014,0.357,0.6152,1,0.971,0.7496,0.8814,0.8182,9
329,-0.4126,-0.069,0.0866,0.1306,0.2776,0.627,0.8678,1,0.906,0.7092,0.7974,9
330,-0.1572,0.3312,0.5938,0.7924,0.7282,0.7222,0.1328,-0.0138,0.032,-0.0564,-0.0168,10
331,-0.1684,0.3196,0.5876,0.7492,0.646,0.653,0.0446,-0.0756,0.024,-0.103,-0.0584,10
332,-0.0656,0.5068,0.4586,0.6828,0.931,1,0.6518,0.5828,0.138,0.0656,-0.1138,11
333,-0.0648,0.472,0.557,0.6824,0.9194,0.8882,0.642,0.378,0.141,-0.047,-0.0872,11
334,-0.313,0.0028,0.3276,0.6638,0.8986,0.684,0.5334,0.2986,0.1188,0.1392,0.087,12
335,-0.3286,0.0708,0.3682,0.5014,0.915,0.8696,0.405,0.1614,0.1926,0.0992,-0.0028,12
336,-0.25,0.3396,0.287,0.2438,0.2438,0.2314,0.071,-0.0802,-0.3086,-0.4476,-0.4166,13
337,-0.5018,0.6574,0.7162,0.391,0.8166,0.7648,0.2388,0.128,-0.3738,-0.5364,-0.526,13
338,-0.3972,0.038,0.0458,0.0406,0.3736,0.3342,0.0354,-0.114,-0.1534,-0.308,-0.3682,14
339,-0.2488,0.2124,0.088,-0.07,0.417,0.4378,0.0932,0.0284,-0.259,-0.3704,-0.2902,14
340,-0.3508,-0.0886,0.2132,0.4558,0.6984,1,0.9278,0.3574,0.5278,0.8164,0.8722,15
341,-0.3074,0.0506,0.3736,0.6304,0.8832,0.9494,1,0.7082,0.9106,0.9728,0.6576,15
342,0.023,0.6666,0.6488,0.883,0.8372,0.4072,0.3894,0.0306,0.0128,-0.1374,-0.1246,16
343,-0.0574,0.5632,0.6168,0.9042,0.7012,0.6476,0.2568,0.1916,-0.157,-0.1724,-0.0268,16
344,0.1538,0.923,0.9076,0.8962,0.877,0.3884,0.323,0.2308,0.15,0.027,-0.0038,17
345,0.0018,0.6328,0.5972,0.6792,0.6114,0.148,0.066,-0.0696,-0.1444,-0.2478,-0.2906,17
346,-0.4552,-0.0622,0.1368,0.2712,0.6318,0.786,1,0.8806,0.6866,0.8482,0.816,18
347,-0.5054,-0.181,0.136,0.1858,0.4888,0.877,1,0.697,0.6876,0.8722,0.6946,18
348,-0.4202,-0.1498,0.2416,0.4686,0.6956,0.5024,0.3044,0.0676,-0.0386,-0.1112,-0.058,19
349,-0.4202,0.1302,0.4004,0.5676,0.7642,0.7642,0.3316,0.2628,-0.0122,-0.0466,-0.0024,19
350,-0.2704,0.6704,0.6616,0.912,0.8594,0.1912,0.156,-0.3098,-0.266,-0.3758,-0.3142,20
351,-0.1764,0.6274,0.6128,0.9068,0.7942,0.2206,0.1372,-0.1618,-0.2648,-0.3138,-0.3726,20
352,0.073,0.5548,0.329,0.2824,-0.4916,-0.6644,-0.701,-0.6544,-0.7342,-0.7542,-0.9602,21
353,0.0096,0.5048,0.4546,0.5048,-0.2302,-0.4352,-0.7794,-0.5358,-0.6982,-0.8104,-0.6674,21
354,-0.185,0.2258,0.6646,0.7618,0.583,0.4828,0.138,-0.1474,-0.0972,-0.0564,-0.1912,22
355,-0.1544,0.3088,0.7544,0.8596,0.6702,0.572,0.2,-0.0842,-0.1264,-0.0596,-0.1228,22
356,-0.096,0.472,0.808,1,0.832,0.84,0.136,0.056,0.024,-0.064,0.024,23
357,0.0178,0.4286,0.8392,0.6964,-0.3482,-0.5446,-0.7322,-0.759,-0.5268,-0.75,-0.9554,23
358,-0.3924,0.076,0.1836,0.405,0.962,1,0.595,0.3292,0.1836,0.076,0.1202,24
359,-0.34,0.0034,0.2938,0.3466,0.7954,0.7426,0.5314,0.2674,0.2542,0.142,0.0364,24
360,0.3948,0.727,1,0.9276,0.977,0.7994,0.4902,0.1974,-0.0624,-0.352,-0.3552,25
361,0.211,0.626,1,0.9794,0.5952,0.65,0.585,0.1836,-0.1836,-0.3654,-0.5404,25
362,-0.1522,0.4056,0.8056,1,0.6184,0.4606,-0.0348,-0.1376,0.0166,-0.178,-0.0752,26
363,-0.163,0.328,0.8586,0.9804,0.5638,0.3792,0.3438,0.1238,0.0176,-0.0256,-0.0726,26
364,-0.7966,-0.3736,0.045,0.3688,0.52,0.461,0.0592,0.0118,-0.0686,-0.1442,-0.0568,1
365,-0.727,-0.4136,0.085,0.316,0.4592,0.3446,0.1154,-0.0076,-0.0582,-0.07,-0.0042,1
366,-0.6134,0.0958,0.0386,0.2774,0.1194,-0.4184,-0.6336,-0.7142,-0.842,-0.731,-0.4858,2
367,-0.413,0.1242,0.2994,0.4178,0.0012,-0.4508,-0.6402,-0.6048,-0.5456,-0.5692,-0.4438,2
368,-0.8116,0.0508,0.1074,0.0922,0.017,-0.3484,-0.3296,-0.4538,-0.435,-0.2016,-0.2392,3
369,-0.593,0.0348,0.1324,0.2966,-0.0064,-0.4858,-0.5804,-0.5678,-0.6088,-0.6152,-0.4164,3
370,-0.4576,0.0996,0.0268,0.1854,-0.0054,-0.479,-0.7084,-0.6312,-0.5628,-0.537,-0.2154,4
371,-0.3502,0.2698,0.4606,0.6454,0.1654,-0.5828,-0.5976,-0.5946,-0.678,-0.6542,-0.5588,4
372,-0.6854,-0.1114,0.1454,0.177,-0.2372,-0.515,-0.7484,-0.6462,-0.5412,-0.654,-0.3788,5
373,-0.6778,-0.031,-0.0384,-0.0732,-0.1624,-0.611,-0.6976,-0.6382,-0.6432,-0.6158,-0.658,5
374,-0.6754,-0.2988,0.0714,0.1948,0.6688,0.7012,0.9156,0.8376,0.526,0.4156,0.4806,6
375,-0.772,-0.544,-0.101,-0.0944,0.355,0.759,0.7524,0.5114,0.2768,0.2964,0.3942,6
376,-0.3734,0.3152,0.2998,0.5744,0.265,0.0136,-0.4662,-0.4198,-0.4468,-0.4738,-0.176,7
377,-0.5108,0.0398,0.1284,0.312,-0.0398,-0.263,-0.6086,-0.6208,-0.6178,-0.523,-0.3364,7
378,-0.8028,-0.426,0.0086,0.0724,0.0144,-0.113,-0.1072,-0.2812,-0.3856,-0.3624,-0.3044,8
379,-0.8814,-0.3164,0.452,0.644,0.4406,0.0508,-0.0904,-0.0904,-0.3276,-0.3786,-0.4068,8
380,-0.7426,-0.4386,-0.0878,-0.062,0.235,0.5416,0.6024,0.841,0.8362,0.8644,1,9
381,-0.7396,-0.4792,-0.0374,-0.0394,0.2572,0.6948,0.8036,0.9722,0.874,0.9252,1,9
382,-0.5072,-0.0258,0.8482,1,0.5674,0.0516,0.0488,-0.1204,-0.0688,-0.1834,-0.1518,10
383,-0.5352,-0.0822,0.783,0.8164,0.3206,0.0774,0.1156,0.056,-0.1156,-0.118,0.106,10
384,-0.6512,-0.0912,0.189,0.5376,0.6142,0.7464,0.5536,0.3764,-0.0198,-0.1624,0.0304,11
385,-0.6602,-0.179,0.1686,0.3176,0.5294,0.5372,0.1032,-0.0536,-0.1294,-0.213,-0.1686,11
386,-0.7234,-0.359,-0.0186,0.109,0.5664,0.9602,0.9868,0.657,0.4308,0.4016,0.4202,12
387,-0.6646,-0.3944,0.0244,0.185,0.559,0.87,0.7358,0.6686,0.559,0.4776,0.441,12
388,-0.655,-0.365,0.1052,0.164,0.6152,0.6322,0.691,0.3554,0.2702,0.1678,0.1734,13
389,-0.6398,-0.2288,0.197,0.3878,1,0.945,0.5848,0.394,0.464,0.32,0.2734,13
390,-0.7244,-0.4486,-0.0282,0.0784,0.2516,0.4064,0.332,0.177,-0.1106,-0.163,-0.0382,14
391,-0.6552,-0.2626,0.1052,0.3086,0.7206,0.6764,0.4324,0.259,0.0646,-0.1336,-0.0238,14
392,-0.7082,-0.2658,0.1436,0.3342,0.7788,0.8564,0.6824,0.7364,1,0.88,0.2542,15
393,-0.6268,-0.1144,0.3378,0.4878,1,0.9754,0.7194,0.7766,0.9456,0.763,0.5586,15
394,-0.4206,0.3104,0.1172,0.2828,-0.1586,-0.6138,-0.0344,-0.1586,-0.5034,-0.6138,-0.8344,16
395,-0.3496,-0.2026,-0.3318,-0.2828,-0.519,-0.6792,-0.8352,-0.8486,-0.893,-0.9242,-0.9822,16
396,-0.4026,0.3188,0.2314,0.4644,0.2678,-0.3188,-0.5482,-0.5556,-0.5774,-0.7012,-0.3442,17
397,-0.5238,0.131,0.244,0.5446,0.2946,-0.1072,-0.5148,-0.4762,-0.4316,-0.4792,-0.244,17
398,-0.6534,-0.2482,0.0984,0.2178,0.7612,0.7588,0.794,0.8502,1,0.7588,0.6558,18
399,-0.7408,-0.4352,0.1564,0.2738,0.5232,1,0.9388,0.9486,0.956,0.8778,0.2078,18
400,-0.6382,-0.2698,0.1316,0.204,0.6842,0.8552,1,0.7434,0.5264,0.171,0.1118,19
401,-0.7346,-0.3396,-0.0246,0.0926,0.4568,0.6112,0.7346,0.4814,0.2408,0.142,0.1976,19
402,-0.5268,0.2934,0.2804,-0.0762,-0.1864,-0.303,-0.355,-0.6142,-0.679,-0.5916,-0.637,20
403,-0.648,0.1046,0.1046,0.1638,-0.0766,-0.5436,-0.683,-0.683,-0.7038,-0.6864,-0.4076,20
404,-0.3834,0.1822,0.1244,0.2572,-0.397,-0.6592,-0.7786,-0.7718,-0.7718,-0.6456,-0.5298,21
405,-0.393,0.102,0.1076,0.13,-0.5916,-0.6448,-0.793,-0.7174,-0.8098,-0.821,-0.6,21
406,-0.4736,0.0964,0.2646,0.4546,0.0746,-0.3894,-0.7504,-0.7042,-0.5062,-0.5496,-0.3976,22
407,-0.1382,0.4194,1,0.7972,-0.2534,-0.4608,-0.4102,-0.235,-0.152,-0.258,-0.046,22
408,-0.5188,-0.0348,0.771,0.884,0.5392,0.8028,1,0.7508,0.687,-0.0522,-0.2174,23
409,-0.5382,-0.0116,0.878,1,0.7406,0.764,0.987,0.8392,0.808,0.1854,-0.0532,23
410,-0.6168,-0.2874,-0.0268,-0.0268,0.5326,0.9004,0.9464,0.41,0.387,0.364,0.341,24
411,-0.7132,-0.3284,0.0566,0.1774,0.5018,0.9774,0.9472,0.6076,0.4566,0.3736,0.2982,24
412,-0.5498,0.1608,1,0.9742,0.434,0.2444,0.1126,-0.18,-0.4888,-0.7042,-0.6946,25
413,-0.5148,0.0516,1,0.8216,0.1988,0.6118,0.2488,-0.3552,-0.5744,-0.5932,-0.6682,25
414,-0.533,0.0786,0.1586,0.3908,0.0338,-0.4632,-0.648,-0.6828,-0.6254,-0.6154,-0.3434,26
415,-0.5424,-0.0364,0.2516,0.3696,-0.2152,-0.597,-0.6576,-0.7,-0.6212,-0.5424,-0.3454,26
416,-0.5328,-0.0816,-0.008,0.2832,0.5968,0.7728,0.6416,0.312,0.2032,0.216,0.168,1
417,-0.5474,-0.0058,-0.008,0.392,0.4218,0.8102,0.7852,0.3462,0.3372,0.1542,0.1474,1
418,-0.2786,0.3384,0.3458,0.5888,0.529,0.144,0.1102,0.1028,0.0206,-0.1214,-0.1364,2
419,-0.3294,0.3152,0.3526,0.3928,0.4158,-0.033,0.0792,-0.1338,-0.0504,-0.1972,-0.0044,2
420,-0.4824,0.1902,0.2254,0.4824,0.5634,0.2042,0.2324,0.1198,0.1374,-0.0036,0.0634,3
421,-0.6534,0.307,0.4186,0.3598,0.5008,0.398,0.2512,0.207,0.1718,0.2776,0.0544,3
422,-0.2028,0.418,0.4216,0.672,0.6084,0.2276,0.1322,0.1076,0.037,0.0546,-0.0158,4
423,-0.4568,0.4354,0.5302,0.1246,0.1626,-0.0368,0.2384,0.153,0.1126,0.1316,-0.0628,4
424,-0.5794,0.1406,0.1892,0.4856,0.531,0.1376,0.2224,-0.056,0.0742,-0.171,-0.0258,5
425,-0.6342,0.008,0.0378,0.2624,0.3142,-0.1212,-0.0378,-0.2128,-0.0736,-0.2068,-0.0616,5
426,-0.4104,0.1792,0.194,0.418,0.6642,0.8956,0.888,0.6492,0.4776,0.4328,0.418,6
427,-0.4696,0.0994,0.1104,0.4862,0.558,0.9172,0.9226,0.5856,0.4918,0.315,0.3592,6
428,-0.3866,0.177,0.217,0.6758,0.6408,0.1472,0.0972,0.0274,-0.0224,0.0224,-0.0374,7
429,-0.408,0.2668,0.3068,0.23,0.276,-0.0246,0.0736,-0.135,-0.003,-0.1534,-0.0214,7
430,-0.4756,0.0202,0.245,0.464,0.5504,0.6312,0.4582,0.3776,0.2104,0.17,0.1124,8
431,-0.4386,-0.0302,0.123,0.3874,0.3132,0.4154,0.3178,0.2946,0.1648,0.109,0.0812,8
432,-0.528,0.0696,0.056,0.2428,0.4668,0.5654,0.8336,0.9016,0.8166,0.8574,0.9762,9
433,-0.64,0.047,0.0682,0.2824,0.3436,0.6848,0.7976,0.9058,1,0.9082,1,9
434,-0.263,0.2906,0.5086,0.8062,0.7404,0.647,0.4982,0.3044,0.135,0.2284,0.1314,10
435,-0.4444,0.144,0.1814,0.6996,0.7396,0.3768,0.3942,0.3366,0.3542,0.234,0.2866,10
436,-0.4488,0.3676,0.4102,0.671,0.7606,0.7308,0.8548,0.5384,0.3076,0.1068,0.1538,11
437,-0.3548,0.3964,0.4542,0.6404,0.7432,0.7882,0.9294,0.74,0.5826,0.3194,0.3354,11
438,-0.3766,0.155,0.1456,0.481,0.7816,1,0.864,0.6424,0.3924,0.3766,0.2626,12
439,-0.3986,0.086,0.1432,0.401,0.5824,0.7374,0.7112,0.7684,0.506,0.4988,0.4368,12
440,-0.5602,-0.0984,0.011,0.3606,0.3142,0.582,0.5274,0.511,0.4398,0.3306,0.254,13
441,-0.5324,-0.0448,0.114,0.472,0.434,0.4988,0.4452,0.5504,0.4654,0.387,0.311,13
442,-0.5564,0.052,0.057,0.417,0.3892,0.7008,0.6958,0.4398,0.3662,0.2928,0.2344,14
443,-0.6502,-0.0398,-0.0108,0.3414,0.4066,0.5078,0.5174,0.3944,0.392,0.1822,0.2376,14
444,-0.3096,0.222,0.1962,0.4814,0.679,0.9448,0.974,0.9644,0.8542,0.8444,0.8898,15
445,-0.5012,-0.0126,-0.01,0.3098,0.2796,0.6726,0.67,1,0.9546,0.7154,0.6474,15
446,-0.937,0.4234,0.6172,0.3288,0.5496,0.491,0.099,0.2342,-0.0496,-0.0676,-0.1172,16
447,-0.7684,0.2854,0.3964,0.5008,0.726,0.5432,0.3442,0.2952,0.0538,0.1288,-0.0832,16
448,-0.6122,0.2526,0.3334,0.3536,0.4828,0.196,0.103,-0.0464,0.1314,0.0828,-0.0182,17
449,-0.6066,0.4714,0.5886,0.2582,0.4234,0.3004,0.2582,0.2762,0.069,0.2132,-0.018,17
450,-0.6226,-0.1898,0.0042,0.2494,0.548,0.7058,0.6332,0.7356,0.9232,1,0.7698,18
451,-0.655,0.0684,0.0996,0.3864,0.5006,0.8566,0.8478,1,0.9462,0.9126,0.9172,18
452,-0.4182,0.0234,0.0702,0.3454,0.6052,0.8338,0.7402,0.5012,0.2936,0.3038,0.2988,19
453,-0.4566,0.0924,0.098,0.4846,0.4902,0.8656,0.86,0.451,0.3838,0.2606,0.1932,19
454,-0.497,0.321,0.3888,0.5154,0.5896,0.287,0.2438,0.0802,0.142,0.074,0.0062,20
455,-0.8018,0.3778,0.535,0.2478,0.4256,0.3334,0.0872,0.1214,-0.0394,0.0564,-0.0804,20
456,-0.19,0.3364,0.3146,0.352,0.2804,0.0312,-0.0592,-0.187,-0.2834,-0.056,-0.1806,21
457,-0.092,0.5588,0.4952,0.4572,0.3048,-0.254,-0.4666,-0.346,-0.4572,-0.3492,-0.562,21
458,-0.4166,0.1994,0.222,0.4814,0.4846,0.141,0.1442,-0.0826,-0.0048,-0.0664,-0.0632,22
459,-0.4614,0.286,0.3404,0.6338,0.6672,0.2134,0.286,0.1134,0.2164,-0.05,0.0984,22
460,-0.2506,0.3318,0.246,0.246,0.0926,-0.377,-0.3002,-0.2686,-0.386,-0.3634,-0.4312,23
461,-0.2334,0.2612,0.3778,0.6334,0.4722,-0.0666,-0.1,-0.05,-0.2,-0.1834,-0.2,23
462,-0.4612,0.1366,0.1956,0.3726,0.7048,1,0.8966,0.5056,0.2842,0.4096,0.3506,24
463,-0.508,0.0374,0.0696,0.4546,0.5454,0.8074,0.77,0.5562,0.4598,0.4386,0.3796,24
464,-0.3596,0.2478,0.6496,0.9788,0.8822,1,0.7674,0.846,0.4622,0.4924,0.0846,25
465,-0.4592,0.0728,0.276,0.6822,0.6688,1,0.9228,1,0.8962,0.6644,0.543,25
466,-0.264,0.408,0.416,0.5254,0.5146,0.184,0.1974,0.1066,0.1386,-0.0694,0.0266,26
467,-0.4584,0.3278,0.3888,0.4584,0.5388,0.1166,0.2556,0.0388,0.2278,0.1028,0.1388,26
468,-0.4674,-0.1444,0.119,0.4448,0.6176,0.3682,0.221,0.1672,-0.0964,-0.1586,-0.0878,1
469,-0.4292,-0.1986,-0.072,0.1042,0.4988,0.588,0.3722,0.1688,-0.0348,-0.0248,0.0124,1
470,-0.3828,0.1112,0.813,0.753,-0.298,-0.7426,-0.5662,-0.4638,-0.7002,-0.6614,-0.5908,2
471,-0.3428,0.1048,0.708,0.6826,-0.546,-0.8888,-0.7936,-0.6572,-0.7588,-0.7714,-0.7142,2
472,-0.292,0.0808,0.619,0.5942,-0.3334,-0.5984,-0.6356,-0.5486,-0.7142,-0.7806,-0.5942,3
473,-0.2418,0.1536,0.4444,0.4346,-0.4412,-0.7974,-0.7254,-0.598,-0.5424,-0.6078,-0.647,3
474,-0.2054,0.3288,0.626,0.7864,0.2654,-0.4924,-0.4558,-0.5626,-0.576,-0.3522,-0.3322,4
475,-0.2882,0.097,0.6764,0.4882,-0.4352,-0.897,-0.6148,-0.7148,-0.7352,-0.8,-0.7352,4
476,-0.2586,0.1308,0.4236,0.4112,-0.5608,-0.9408,-0.7072,-0.62,-0.8224,-0.8598,-0.7882,5
477,-0.2562,0.025,0.3922,0.288,-0.6236,-0.8276,-0.6622,-0.6758,-0.9796,-0.8956,-0.7936,5
478,-0.518,0.0358,-0.0564,0.1282,0.4256,0.323,0.3538,0.159,-0.077,-0.1794,-0.3128,6
479,-0.6078,-0.3312,-0.1898,0.029,0.3054,0.3376,0.2412,-0.0032,-0.0546,-0.2862,-0.2412,6
480,-0.2762,0.07,0.2798,0.2692,-0.6958,-0.7972,-0.7448,-0.5874,-0.7762,-0.7272,-0.584,7
481,-0.4524,-0.1552,0.0618,-0.0918,-0.2186,-0.5292,-0.5626,-0.5392,-0.7462,-0.6928,-0.6328,7
482,-0.5556,-0.2484,0.0458,0.5686,0.6014,0.2746,0.0326,-0.0262,-0.1764,-0.3202,-0.2876,8
483,-0.5706,-0.1864,0.1808,0.565,0.5706,0.079,0.0564,-0.0226,-0.017,-0.3842,-0.3954,8
484,-0.5292,-0.2962,-0.2202,-0.1468,0.2202,0.3722,0.7012,0.9696,1,0.9164,0.8836,9
485,-0.5276,-0.2964,-0.2222,-0.1316,0.3468,0.5276,0.7006,0.8714,0.9336,1,0.9216,9
486,-0.3908,-0.0786,0.5132,0.4856,0.4232,0.1086,0.0138,0.0412,-0.0162,-0.1136,-0.0162,10
487,-0.3976,-0.0482,0.319,0.7006,0.722,0.0124,-0.3618,-0.4902,-0.4938,-0.4902,-0.533,10
488,-0.2924,0.105,0.0274,0.1568,0.4992,0.3668,0.412,0.218,-0.021,-0.2116,-0.2148,11
489,-0.4252,-0.1026,-0.132,0.0118,0.1232,0.1436,-0.041,-0.132,-0.1232,-0.3782,-0.4428,11
490,-0.3974,-0.1306,0.1334,0.296,0.384,0.544,0.344,0.2346,0.1734,0.0826,0.0586,12
491,-0.4424,-0.2392,-0.0706,0.0508,0.5738,0.6258,0.2342,0.2516,0.1672,0.0532,0.0608,12
492,-0.4274,-0.1732,-0.0526,-0.1092,0.3762,0.5584,0.3632,-0.0912,0.0526,-0.104,-0.0962,13
493,-0.436,-0.1848,-0.2192,-0.3252,0.298,0.4458,0.0738,-0.1872,-0.2364,-0.3916,-0.1848,13
494,-0.406,-0.0742,0.188,0.1508,0.0974,0.2854,0.2506,0.1322,-0.109,-0.1856,-0.1438,14
495,-0.5446,-0.2794,-0.002,-0.1072,0.162,0.33,0.1518,0.0566,-0.2348,-0.251,-0.2692,14
496,-0.4096,-0.152,0.1346,0.3228,0.505,0.7308,0.618,0.5282,0.806,0.9768,1,15
497,-0.4078,-0.1424,-0.0308,0.472,0.5782,0.6536,0.3464,0.7178,0.9832,1,0.338,15
498,-0.045,0.0964,0.0792,0.1392,-0.726,-0.7902,-0.773,-0.743,-0.8544,-0.8286,-0.803,16
499,0.3752,0.3622,-0.0066,-0.0326,-0.371,-0.7354,-0.8264,-0.6616,-0.5792,-0.8828,-0.8352,16
500,-0.3648,-0.0088,0.3438,0.4172,-0.3682,-0.63,-0.6126,-0.3996,-0.4904,-0.5812,-0.6196,17
501,-0.2562,0.1336,0.4468,0.4686,-0.5722,-0.8038,-0.733,-0.4414,-0.6404,-0.643,-0.7738,17
502,-0.4376,-0.1618,-0.0558,0.1352,0.4562,0.6154,0.8726,1,1,0.5146,0.2308,18
503,-0.4462,-0.1752,-0.0934,-0.1308,0.3574,0.6566,1,0.9976,0.764,0.6986,0.6238,18
504,-0.5706,-0.3,-0.3764,0.0176,0.2412,0.2294,0.0942,-0.0588,-0.3,-0.3412,-0.4118,19
505,-0.3372,-0.0828,-0.2662,-0.2248,-0.1124,0.1242,0.0356,-0.0532,-0.1006,-0.361,-0.2722,19
506,-0.1892,0.2826,0.2972,0.3808,-0.3316,-0.8918,-0.6708,-0.4348,-0.6118,-0.6756,-0.6462,20
507,-0.536,-0.7216,-0.8464,-0.968,-0.9072,-0.8784,-0.8144,-0.8112,-0.8496,-0.7216,-0.6928,20
508,0.2378,0.8414,0.3658,0.1036,-0.5426,-0.6098,-0.1952,0.006,-0.4452,-0.6952,-0.5976,21
509,-0.0272,0.3034,0.3354,-0.1268,-0.6212,-0.833,-0.756,-0.6726,-0.6918,-0.7528,-0.5988,21
510,-0.3272,-0.0152,0.5122,0.4242,-0.4334,-0.7666,-0.5818,-0.5122,-0.7304,-0.7334,-0.706,22
511,-0.3954,-0.0466,0.43,0.2756,-0.209,-0.5872,-0.6484,-0.6592,-0.763,-0.6592,-0.6246,22
512,-0.3984,-0.088,0.3214,0.4038,0.805,1,0.8654,0.7252,0.4698,0.3516,0.5714,23
513,-0.2244,0.0816,0.3436,0.7552,0.8572,0.9898,0.7074,0.9048,0.9728,1,0.6802,23
514,-0.7882,-0.4118,-0.1648,-0.2352,0.8,0.8706,0.5764,0.447,0.4236,-0.0236,0.0118,24
515,-0.8258,-0.5736,-0.3754,-0.1112,0.3634,0.3574,-0.1172,0.1232,-0.033,-0.1952,-0.1652,24
516,-0.3832,-0.3084,-0.09,0.2614,0.7012,0.859,1,0.8948,0.8396,0.2946,-0.0568,25
517,0.4834,0.9478,1,0.9146,0.4834,0.3508,0.3508,0.2418,-0.0806,-0.5592,-0.5308,25
518,-0.2982,0.0224,0.5132,0.3388,-0.0264,-0.5092,-0.566,-0.6714,-0.6348,-0.6308,-0.5578,26
519,-0.1238,0.2952,0.8248,0.7676,-0.1772,-0.5352,-0.5086,-0.3638,-0.6152,-0.6266,-0.5276,26
520,-0.3666,-0.1154,0.4698,0.9002,1,0.7624,0.58,0.494,0.2254,0.0706,0.0774,1
521,-0.464,-0.1428,0.2326,0.5374,0.9074,0.8312,0.3904,0.3578,0.3878,0.3552,0.2436,1
522,-0.3524,0.095,0.095,0.2666,0.1184,-0.095,-0.4044,-0.342,-0.3472,-0.3914,-0.225,2
523,-0.3408,0.093,0.4002,0.554,0.3408,-0.021,-0.259,-0.2516,-0.1796,-0.2366,-0.2688,2
524,-0.3296,0.3406,0.4286,0.5164,0.425,0.0402,0.0842,0.0476,0.0732,-0.1794,-0.0256,3
525,-0.407,0.3176,0.3598,0.4268,0.412,0.0298,0.1042,0.0546,0.1364,-0.0744,0.067,3
526,-0.3446,0.0824,0.3378,0.4522,0.0488,-0.1394,-0.5026,-0.4218,-0.2672,-0.3648,-0.2974,4
527,-0.2838,0.1984,0.3416,0.4958,0.2066,-0.0798,-0.5096,-0.5014,-0.3112,-0.427,-0.281,4
528,-0.5534,-0.0416,0.0864,0.1694,-0.1022,-0.2278,-0.4928,-0.5578,-0.5646,-0.5308,-0.4546,5
529,-0.4166,-0.017,0.0352,0.1828,-0.0352,-0.1556,-0.4438,-0.4552,-0.6868,-0.6072,-0.4212,5
530,-0.4966,-0.1744,0.2618,0.4026,0.5704,0.8658,0.8724,0.6174,0.4026,0.2954,0.2214,6
531,-0.5306,-0.2448,0.1428,0.2722,0.6054,0.5918,0.7142,0.4898,0.4762,0.3946,0.3334,6
532,-0.2314,0.2386,0.4316,0.5446,0.031,-0.2314,-0.388,-0.4572,-0.3442,-0.3406,-0.3296,7
533,-0.197,0.2992,0.2424,0.3446,-0.2878,-0.5568,-0.5758,-0.7008,-0.6288,-0.7386,-0.6478,7
534,-0.7164,-0.3284,-0.0224,0.515,0.597,0.2686,0.015,-0.0224,0.0448,-0.194,-0.097,8
535,-0.5584,-0.1168,0.2556,0.754,0.817,0.2556,0.1608,0.1356,0.0978,-0.1104,-0.1168,8
536,-0.446,-0.169,0.23,0.2794,0.5,0.9836,1,0.5962,0.892,0.9484,0.608,9
537,-0.5246,-0.3044,0.0934,0.2562,0.5634,0.8502,0.778,0.8038,1,0.8428,0.5542,9
538,-0.3366,0.1232,0.8654,0.8818,0.4976,0.1396,0.1362,0.133,-0.0312,-0.1166,-0.1264,10
539,-0.4144,0.043,0.706,0.8872,0.6884,0.5204,0.39,0.3348,0.2862,0.1382,0.2708,10
540,-0.3256,0.2148,0.4396,0.708,0.8422,1,0.6442,0.3456,0.4094,0.3088,0.2718,11
541,-0.3672,0.0878,0.2534,0.4512,0.8788,1,0.7182,0.5574,0.4338,0.424,0.3448,11
542,-0.3896,-0.097,0.3832,0.5994,0.7742,0.8474,0.806,0.5326,0.3482,0.291,0.326,12
543,-0.4604,-0.175,0.3358,0.6858,0.8586,0.6666,0.6594,0.4964,0.3694,0.3884,0.386,12
544,-0.5034,-0.2332,0.0746,0.0992,0.3446,0.407,0.4466,0.2918,0.2106,0.203,0.0822,13
545,-0.4654,-0.1486,0.1442,0.1926,0.4874,0.45,0.549,0.4962,0.461,0.2828,0.2278,13
546,-0.4342,-0.1642,0.185,0.2084,0.3924,0.5228,0.5622,0.411,0.3062,0.1944,0.1036,14
547,-0.4704,-0.1778,0.097,0.1224,0.3292,0.5108,0.5436,0.4098,0.309,0.082,0.1552,14
548,-0.4072,-0.0802,0.3256,0.4716,0.7898,0.9036,1,0.8686,0.7928,0.9182,0.6468,15
549,-0.4988,-0.2074,0.2052,0.4336,0.8042,0.746,0.6644,0.7856,0.8088,1,0.9138,15
550,0.026,0.6856,0.6338,0.8652,0.7236,0.0362,0.0328,-0.0604,-0.1952,-0.2436,-0.3298,16
551,-0.1438,0.5364,0.516,0.8072,0.7632,0.0558,0.1168,0.083,-0.0016,-0.0694,-0.1236,16
552,-0.1808,0.553,0.5598,0.2458,0.2764,-0.0648,-0.0546,-0.1502,-0.1296,-0.2252,-0.1604,17
553,-0.4148,0.0646,0.4548,0.8002,0.7274,0.1468,0.0388,-0.0152,-0.06,0.0788,0.0458,17
554,-0.4388,-0.201,0.2156,0.3628,0.5956,1,0.9362,0.7328,0.6594,0.5564,0.1176,18
555,-0.498,-0.2058,0.1154,0.175,0.5116,0.802,0.9134,1,0.9884,0.448,0.275,18
556,-0.5088,-0.228,0.2702,0.4666,0.7334,0.8736,0.7894,0.5508,0.4736,0.2772,0.3684,19
557,-0.5354,-0.286,0.1736,0.4572,0.6382,0.9266,0.8092,0.5062,0.2762,0.242,0.3008,19
558,-0.045,0.7042,0.6516,0.7004,0.573,-0.045,-0.1686,-0.2098,-0.2022,-0.3184,-0.3108,20
559,-0.0238,0.6518,0.6006,0.9078,0.7952,-0.0034,-0.0478,0.0034,-0.1604,-0.1502,-0.372,20
560,-0.1744,0.2332,0.4784,0.4508,-0.285,-0.589,-0.6408,-0.6926,-0.8238,-1,-0.7236,21
561,-0.0558,0.409,0.4498,0.435,-0.2788,-0.6914,-0.9554,-0.7286,-0.7434,-0.829,-0.8624,21
562,-0.3382,0.1202,0.1346,0.3216,0.1306,-0.1264,-0.3072,-0.223,-0.2786,-0.256,-0.2066,22
563,-0.2226,0.2454,0.3674,0.5234,0.2852,-0.0298,-0.234,-0.1774,-0.1944,-0.2312,-0.0866,22
564,-0.2548,0.1634,0.9614,1,0.666,0.6942,0.7574,0.9156,0.7856,0.7082,0.536,23
565,-0.5176,-0.1654,0.2526,0.413,0.9126,0.9056,0.6106,0.5892,0.6894,0.7852,0.781,23
566,-0.6116,-0.1984,0.1322,0.3884,0.595,0.9338,0.8348,0.3472,0.1322,0.124,0.2148,24
567,-0.5248,-0.109,0.1882,0.4984,0.736,0.769,0.7558,0.5446,0.439,0.3268,0.3862,24
568,-0.3726,0.0188,0.7524,0.7924,0.8562,0.9246,1,0.658,0.526,0.0732,-0.1438,25
569,-0.2964,0.0852,0.7294,0.7374,0.8592,1,0.9972,0.5724,0.4074,0.0094,-0.188,25
570,-0.1884,0.2694,0.2994,0.5122,0.3688,0.0474,-0.089,-0.059,-0.1236,-0.0336,-0.0868,26
571,-0.2446,0.2344,0.71,0.855,0.4638,-0.1804,-0.1434,-0.2142,-0.2782,-0.2716,-0.1838,26
572,-0.5552,-0.2636,0.1428,0.3608,0.5906,0.5052,0.4728,0.2606,0.1134,-0.0928,0.0958,1
573,-0.5896,-0.31,-0.0364,0.2228,0.441,0.4324,0.4848,0.147,0.0394,0.08,0.0742,1
574,-0.3922,-0.0168,0.5046,0.5834,0.0282,-0.5722,-0.6322,-0.3884,-0.3508,-0.3134,-0.3208,2
575,-0.3732,0.0582,0.6096,0.7158,0.2432,-0.411,-0.3904,-0.3458,-0.2124,-0.3562,-0.3732,2
576,-0.558,-0.0498,0.3002,0.4476,0.2854,-0.4844,-0.4622,-0.5174,-0.2634,-0.3002,-0.1712,3
577,-0.5448,0.0488,0.3374,0.5772,0.435,-0.3658,-0.3862,-0.3252,-0.0854,-0.0406,-0.1382,3
578,-0.4694,-0.0666,0.3916,0.5028,0.075,-0.4388,-0.5528,-0.5556,-0.4888,-0.3556,-0.2944,4
579,-0.435,-0.0788,0.4452,0.524,0.0924,-0.5308,-0.4452,-0.291,-0.2398,-0.2774,-0.3322,4
580,-0.5528,-0.012,0.1602,0.2688,0.0454,-0.4744,-0.5862,-0.5922,-0.713,-0.6042,-0.5408,5
581,-0.5696,-0.139,0.3646,0.5022,0.101,-0.347,-0.5462,-0.5812,-0.5022,-0.6046,-0.552,5
582,-0.6776,-0.3194,0.1164,0.2598,0.8328,0.8208,0.415,0.218,0.1642,0.1582,0.1462,6
583,-0.7378,-0.3312,0.0622,0.1934,0.7968,0.8296,0.3246,0.2,0.2722,0.036,0.0426,6
584,-0.3238,0.0696,0.6594,0.7362,0.0744,-0.4052,-0.271,-0.506,-0.5588,-0.3286,-0.3956,7
585,-0.4038,-0.0402,0.37,0.4376,-0.1332,-0.6786,-0.5518,-0.573,-0.5814,-0.3024,-0.425,7
586,-0.5532,-0.0964,0.264,0.335,0.731,0.6396,0.2792,0.061,0.1624,0.1116,-0.005,8
587,-0.5608,-0.2476,0.1588,0.2898,0.6214,0.514,0.2664,0.1402,0.1214,0.0794,-0.028,8
588,-0.6776,-0.3496,-0.1356,-0.07,0.0984,0.515,0.612,0.9058,0.826,0.786,1,9
589,-0.6254,-0.345,-0.1514,-0.0968,0.2134,0.6154,0.737,0.856,0.9008,0.9182,1,9
590,-0.3682,-0.05,0.5682,0.6182,0.25,-0.0272,-0.009,-0.15,-0.2546,-0.0818,-0.159,10
591,-0.3598,0.0132,0.6898,0.7162,0.2542,0.033,0.0726,-0.2476,-0.0792,-0.0132,-0.1848,10
592,-0.957,-0.279,0.0902,0.5794,0.545,0.631,-0.0988,-0.1674,-0.2618,-0.545,-0.5108,11
593,-0.957,-0.3648,0.0858,0.3048,0.3734,0.382,0,-0.1674,-0.1932,-0.2876,-0.3734,11
594,-0.4724,-0.2102,0.1754,0.2828,0.523,0.9336,0.8958,0.3996,0.3966,0.3144,0.4786,12
595,-0.4452,-0.0974,0.1544,0.3074,0.5712,0.6132,0.6372,0.5382,0.3734,0.2684,0.3284,12
596,-0.4274,-0.0456,0.2952,0.392,0.3686,0.2922,0.0808,-0.1454,-0.16,0.0014,-0.1336,13
597,-0.485,-0.0786,0.2246,0.3334,0.3762,0.3218,-0.0158,-0.1616,-0.1302,-0.0386,-0.0758,13
598,-0.5912,-0.2462,0.273,0.3702,0.129,0.0754,-0.1892,-0.2228,-0.1524,-0.1826,-0.2462,14
599,-0.4094,0.045,0.266,0.4168,0.3342,0.339,0.023,-0.0766,-0.0158,-0.1494,-0.0912,14
600,-0.5846,-0.257,0.1264,0.193,0.502,0.8428,0.96,0.6352,0.7444,1,0.8668,15
601,-0.4846,-0.1652,0.1678,0.2162,0.5892,0.8148,0.9248,0.557,0.7772,1,0.8416,15
602,0.84,0.92,0.6534,0.4934,-0.2,-0.0666,-0.04,-0.0666,-0.36,-0.0666,-0.1466,16
603,0.4358,0.3846,-0.1282,-0.2308,-0.282,-0.1794,-0.4872,-0.7436,-0.641,-0.5898,-0.3846,16
604,-0.4542,0.1448,0.1214,0.1248,0.0782,-0.5906,-0.624,-0.554,-0.5774,-0.441,-0.431,17
605,-0.4474,0.0734,0.1454,0.2374,0.1108,-0.531,-0.6892,-0.6634,-0.4188,-0.4792,-0.4446,17
606,-0.6148,-0.3202,-0.0348,0.0116,0.1532,0.5894,0.71,0.689,0.7842,1,0.8816,18
607,-0.6342,-0.295,-0.0488,-0.0088,0.1464,0.705,0.745,0.7872,0.9356,1,0.7118,18
608,-0.5106,-0.1662,0.142,0.293,0.6798,0.571,0.432,0.2386,0.2024,0.1722,0.148,19
609,-0.5284,-0.107,0.107,0.2076,0.629,0.6226,0.3144,0.3144,0.327,0.1762,0.0378,19
610,-0.6246,0.1054,0.0592,0.3676,0.2596,-0.6246,-0.635,-0.6452,-0.4962,-0.4652,-0.6042,20
611,-0.4368,0.2578,0.221,0.321,0.2422,-0.3158,-0.4948,-0.6526,-0.2684,-0.1578,-0.4948,20
612,-0.3014,-0.0112,-0.1548,-0.1802,-0.5438,-0.6746,-0.799,-0.8532,-0.7768,-0.7256,-0.6938,21
613,-0.3872,-0.0262,-0.1382,-0.1208,-0.5194,-0.6314,-0.7384,-0.7186,-0.721,-0.7236,-0.7384,21
614,-0.2714,0.1148,0.6722,0.7194,0.2094,-0.133,-0.2678,-0.173,-0.1948,-0.2532,-0.2642,22
615,-0.0402,0.3316,-0.2664,-0.1056,-0.0654,-0.6834,-0.4974,-0.407,-0.5376,-0.6582,-0.3316,22
616,-0.474,-0.0218,0.587,0.6652,0.5174,0.326,0.4566,0.4044,0.4304,0.7218,0.9218,23
617,-0.4756,-0.0416,0.2478,0.4142,0.7686,0.6528,0.472,0.3634,0.3562,0.4286,0.2802,23
618,-0.5984,-0.3172,0.0522,0.1808,0.5342,0.4216,0.4698,0.0682,0.0282,0.1326,0.0602,24
619,-0.5268,-0.1168,0.1608,0.3312,0.7288,0.653,0.5646,0.2934,0.1988,0.1862,0.1672,24
620,-0.3898,-0.0136,0.6406,0.6474,0.8848,0.895,0.9322,1,0.8338,0.1288,-0.078,25
621,-0.3314,0.044,0.5542,0.6042,0.8974,0.9178,1,0.9736,0.8388,0.4046,-0.0498,25
622,-0.2698,0.2094,0.586,0.679,0.2186,-0.4186,-0.4466,-0.1534,-0.0744,-0.228,-0.2604,26
623,-0.403,0.184,0.4876,0.6766,0.3682,-0.3682,-0.617,-0.5224,-0.1394,-0.204,-0.2786,26
624,-0.732,-0.215,0.0156,0.1714,0.1526,-0.053,0.0156,-0.0592,-0.1838,0.028,-0.1214,1
625,-0.6128,-0.2202,0.0398,0.0928,0.252,0.13,0.1034,0.0664,0.0186,-0.0132,-0.0132,1
626,-0.4528,0.2076,0.0628,0.1636,-0.0944,-0.0754,-0.1132,-0.1636,-0.2894,-0.4654,-0.5346,2
627,-0.4954,0.1324,0.0338,-0.12,-0.3416,-0.1262,-0.3846,-0.44,-0.36,-0.3292,-0.3416,2
628,-0.5736,0.0542,0.2868,0.5116,0.062,-0.2016,-0.2636,-0.2868,-0.0078,-0.2558,-0.2636,3
629,-0.6666,0.0666,0.08,0.08,-0.4334,-0.4,-0.26,-0.2266,-0.1866,-0.36,-0.2134,3
630,-0.643,-0.0774,-0.2592,-0.3334,-0.4478,-0.4612,-0.468,-0.3602,-0.4748,-0.542,-0.6162,4
631,-0.5424,0.098,-0.0784,-0.2876,-0.4706,-0.4184,-0.3922,-0.4118,-0.4706,-0.5294,-0.4706,4
632,-0.6136,0.107,-0.013,-0.4674,-0.3838,-0.3578,-0.551,-0.551,-0.53,-0.739,-0.6554,5
633,-0.7028,0.029,-0.0724,-0.529,-0.4492,-0.4492,-0.5942,-0.5798,-0.7608,-0.7682,-0.8406,5
634,-0.744,-0.384,-0.2,-0.104,0.256,0.32,0.344,0.208,0.296,0.376,0.328,6
635,-0.6666,-0.0318,-0.1032,0.008,0.0396,0.4286,0.4762,0.3334,0.4206,0.246,0.254,6
636,-0.665,-0.2058,0.091,0.2058,-0.2728,-0.4258,-0.2918,-0.0622,0.043,-0.0718,-0.1196,7
637,-0.5,0.024,-0.0904,-0.3374,-0.2772,-0.1988,-0.1808,-0.247,-0.0904,-0.253,-0.3674,7
638,-0.8054,-0.5568,0.0486,0.0378,-0.1136,-0.2216,-0.2648,0.027,-0.1352,-0.0702,0.0594,8
639,-0.7584,-0.3154,0.1544,0.1208,-0.3088,-0.1342,-0.0806,-0.302,-0.2014,-0.094,-0.114,8
640,-0.9266,-0.5412,-0.4724,-0.3624,-0.0138,0.4588,0.7248,0.6284,0.6972,1,0.9496,9
641,-0.6884,-0.3528,-0.298,-0.2364,-0.024,0.4246,0.5684,0.6096,0.6336,0.7636,1,9
642,-0.5384,-0.1692,-0.0358,0.477,0.7744,0.5488,0.3026,0.4974,0.323,0.3948,0.3846,10
643,-0.3868,0.2992,0.4598,0.6716,0.1314,-0.124,0.1606,-0.0292,0.0438,0.1752,0.0656,10
644,-0.6262,0.6868,0.6666,0.7878,0.7272,0.7778,0.6868,0.5252,0.404,0.202,-0.0808,11
645,-0.659,0.279,0.2946,0.5194,0.4342,0.341,0.186,0.0852,-0.0852,-0.1086,-0.1396,11
646,-0.678,-0.278,-0.1414,-0.0586,0.278,0.3854,0.5024,0.2926,0.3318,0.5464,0.439,12
647,-0.6992,-0.4336,-0.1428,-0.0676,0.203,0.624,0.629,0.4236,0.193,0.2532,0.4486,12
648,-0.5,0.0088,0.1328,0.2478,0.1992,0.407,0.6106,0.5576,0.4956,0.2876,0.5576,13
649,-0.5568,0.029,-0.0448,0.0502,0.1768,0.3088,0.4036,0.2612,0.2718,0.2718,0.1768,13
650,-0.851,-0.5018,-0.189,-0.08,0.2254,0.131,0.1018,0.2582,0.24,0.0364,0.0546,14
651,-0.573,-0.191,-0.1236,-0.06,0.131,0.06,0.0898,0.1086,0.1086,-0.015,-0.1236,14
652,-0.6038,-0.169,-0.029,0.0772,0.4782,0.5314,0.5894,0.5556,0.6086,0.86,1,15
653,-0.5326,-0.049,0.1522,0.2608,0.7826,0.6414,0.7066,0.6902,0.7336,0.9294,0.8804,15
654,-0.3784,0.2028,0.027,0.2568,-0.4054,-0.7568,-0.4324,-0.446,-0.5,-0.7298,-0.6352,16
655,0.6824,0.2824,-0.8588,-0.5412,-0.553,-0.5294,-0.5412,-0.5176,-0.4706,-0.5648,-0.553,16
656,-0.7294,-0.6706,-0.7352,-0.7352,-0.4942,-0.4412,-0.4176,-0.5706,-0.5412,-0.4882,-0.4824,17
657,-0.5164,0.2896,0.212,-0.385,-0.3732,-0.1462,-0.2776,-0.2896,-0.409,-0.391,-0.4268,17
658,-0.642,-0.3064,-0.1544,0.132,0.405,0.83,0.7136,0.924,1,0.8524,0.3334,18
659,-0.4858,0.0334,-0.0858,-0.019,0.2476,0.8142,0.9714,0.881,0.9142,1,0.7904,18
660,-0.7748,-0.1688,-0.1342,0.0476,0.4806,0.6364,0.5064,0.238,0.2208,0.3074,0.368,19
661,-0.7378,-0.2214,-0.2214,0.1066,0.3442,0.6804,0.6886,0.5,0.4098,0.3934,0.4262,19
662,-0.7586,-0.1022,-0.2012,-0.195,-0.3312,-0.387,-0.3188,-0.2446,-0.3932,-0.3622,-0.4304,20
663,-0.6838,0.1304,0.1146,-0.4862,-0.7628,-0.5494,-0.6126,-0.494,-0.668,-0.5178,-0.6126,20
664,-0.3008,0.27,0.0128,-0.6092,-0.4652,-0.5578,-0.4652,-0.5064,-0.784,-0.7018,-0.8868,21
665,-0.5498,0.402,0.2218,-0.4276,-0.6012,-0.5884,-0.4856,-0.5692,-0.6464,-0.6528,-0.82,21
666,-0.5336,0.1872,0.0672,0.1802,-0.3992,-0.3852,-0.272,-0.258,-0.159,-0.2932,-0.2368,22
667,-0.6722,-0.041,0.1722,0.254,-0.4508,-0.541,-0.5082,-0.4016,-0.2868,-0.2132,-0.2378,22
668,-0.67,-0.2562,0.138,0.2758,0.2464,0.2168,0.2216,0.3202,0.4286,0.3646,0.596,23
669,-0.7058,-0.2998,-0.019,0.0926,0.4796,0.4088,0.2698,0.5994,0.6622,0.7766,0.8228,23
670,-0.95,-0.45,-0.375,-0.05,0.25,0.575,0.4084,0.2584,0.3,0.2084,0.275,24
671,-0.7862,-0.4068,-0.0966,0.1172,0.3862,0.3656,0.4276,0.331,0.0896,0.1656,0.3034,24
672,-0.5,-0.1182,0.2772,0.2864,0.5636,0.991,1,0.3272,0.1636,0.1728,-0.1636,25
673,-0.1818,0.7768,0.6364,0.719,0.091,0.8926,1,0.4628,0.1818,0,-0.6446,25
674,-0.3798,0.2544,-0.0104,0.1358,-0.2264,-0.338,-0.1498,-0.345,-0.1638,-0.0662,-0.094,26
675,-0.1848,0.5544,0.4022,0.1196,-0.4456,-0.076,-0.087,-0.2282,-0.2392,0.2392,0.1414,26
676,-0.154,0.42,0.3124,0.2914,0.8924,1,0.6442,0.5486,0.0194,-0.0792,-0.2676,1
677,-0.6024,0.1132,0.1398,0.4216,0.4796,0.5156,0.5036,0.2338,0.2386,0.0338,0.0796,1
678,-0.2276,0.3616,0.4018,0.558,0.3526,-0.1742,-0.2054,-0.192,-0.3258,-0.4018,-0.3438,2
679,-0.2048,0.4808,0.4926,0.2462,0.2344,-0.1008,-0.1038,-0.2938,-0.3176,-0.3086,-0.3412,2
680,-0.0766,0.5438,0.5146,0.5766,0.4818,0.0036,-0.0548,-0.011,-0.0876,-0.0548,-0.0986,3
681,-0.9176,0.7202,0.9548,0.7284,0.2716,0.1894,-0.1276,0.0494,-0.074,-0.07,-0.0164,3
682,-0.0824,0.6202,0.61,0.4656,0.3882,-0.0588,-0.153,-0.1698,-0.3244,-0.1428,-0.284,4
683,-0.2642,0.5524,0.6156,0.2668,0.2896,-0.0898,-0.0544,-0.2668,-0.0568,-0.1908,-0.0898,4
684,-0.228,0.4588,0.4698,0.0604,0.011,-0.3544,-0.3818,-0.3874,-0.3708,-0.5028,-0.5164,5
685,-0.682,0.4744,0.632,0.3298,-0.13,-0.2248,-0.2852,-0.2432,-0.5848,-0.4534,-0.5768,5
686,-0.1578,0.3052,0.1894,0.0948,0.5736,0.7264,0.9684,0.9316,0.5264,0.3052,0.3052,6
687,-0.3534,0.3984,0.436,0.406,0.4888,0.9624,1,0.9924,0.8572,0.5188,0.4286,6
688,-0.182,0.3542,0.2682,0.4012,0.135,-0.405,-0.276,-0.315,-0.4442,-0.542,-0.542,7
689,-0.2874,0.474,0.5198,0.1926,0.2172,-0.211,-0.2386,-0.2232,-0.0672,-0.2844,-0.11,7
690,-0.4934,0.4324,0.4062,0.6506,0.6158,0.5022,0.3014,0.0132,-0.1616,-0.3712,-0.3974,8
691,-0.3532,0.2608,0.2446,0.3968,0.4076,0.6304,0.587,0.1304,0.0706,0.087,0.0164,8
692,-0.5524,0.0094,-0.0466,0.1142,0.3892,0.5362,0.8532,0.937,0.937,0.9114,0.9674,9
693,-0.679,0.2354,0.298,0.3334,0.4476,0.7388,0.9238,1,0.9836,0.8068,0.9238,9
694,0.0238,0.6996,0.838,0.996,0.909,0.494,0.3794,0.2134,0.0514,-0.1542,-0.0632,10
695,-0.1412,0.5406,0.5778,0.9144,0.883,0.321,0.1982,0.3438,0.2182,0.0156,0.0156,10
696,-0.1854,0.423,0.3636,0.6154,0.7168,0.8216,0.6644,0.2762,0.1014,0.1644,0.035,11
697,-0.1834,0.3748,0.3078,0.6012,0.7192,0.815,0.6396,0.3748,0.1802,0.1962,0.0878,11
698,-0.224,0.365,0.3098,0.3866,0.6472,0.9602,0.9234,0.8098,0.5184,0.3926,0.3496,12
699,-0.2838,0.3202,0.2938,0.3366,0.4884,0.8778,0.825,0.8614,0.7822,0.5182,0.4192,12
700,-0.3422,0.5096,0.5742,0.398,0.489,0.9178,0.95,0.5654,0.4068,0.1512,0.2246,13
701,-0.3904,0.4198,0.4664,0.3904,0.4736,0.8972,0.9388,0.5888,0.317,0.087,0.1946,13
702,-0.3632,0.2792,0.2954,0.3334,0.4498,0.8076,0.7616,0.3686,0.2656,0.1436,0.0948,14
703,-0.523,0.4164,0.4916,0.2736,0.397,0.7554,0.9444,0.7578,0.4214,0.3026,0.1792,14
704,-0.2216,0.3354,0.2754,0.455,0.8384,1,0.7634,0.7336,0.5928,0.6676,0.8174,15
705,-0.551,0.1586,0.199,0.4462,0.5,0.9006,1,0.6854,0.4892,0.5026,0.6936,15
706,-0.0372,0.6512,0.6418,0.414,0.4186,0.093,0.1116,-0.228,-0.2,-0.2512,-0.214,16
707,-0.821,0.4596,0.7894,0.6808,0.2702,0.386,0.179,-0.2632,-0.193,-0.5052,-0.1052,16
708,-0.1908,0.275,0.359,0.5202,0.2364,-0.233,-0.317,-0.317,-0.373,-0.4606,-0.3976,17
709,-0.6798,0.5562,0.7084,0.477,-0.046,-0.0714,-0.1442,-0.0872,-0.3376,-0.1696,-0.2394,17
710,-0.415,0.1274,0.092,0.2146,0.533,0.7004,0.9812,1,0.724,0.7264,0.776,18
711,-0.4656,0.1532,0.1678,0.2016,0.2418,0.7106,0.7296,0.9958,1,0.8586,0.8586,18
712,-0.3112,0.329,0.3112,0.3246,0.351,0.7396,0.691,0.7174,0.6424,0.426,0.329,19
713,-0.599,0.1538,0.2088,0.2528,0.2638,0.7582,0.8572,0.7142,0.6704,0.3956,0.412,19
714,-0.6632,0.6632,0.8316,0.546,0.1836,0.102,-0.1378,-0.0816,-0.204,-0.1174,-0.1938,20
715,-0.6666,0.5374,0.9626,0.8844,0.119,0.3266,0.2006,-0.102,-0.0034,-0.2176,-0.1054,20
716,0.1814,0.9678,0.7662,0.625,0.1088,-0.512,-0.7016,-0.6612,-0.5484,-0.613,-0.621,21
717,0.1378,0.9434,0.9364,0.3392,0.2862,-0.007,-0.0636,-0.2686,-0.3886,-0.2826,-0.3992,21
718,-0.1366,0.5648,0.5576,0.5936,0.5288,-0.0684,-0.1188,0.1258,0.0288,-0.0936,-0.1258,22
719,-0.115,0.681,0.7126,0.5,0.5316,0.158,0.2356,0.1206,0.2242,0.0028,0.0288,22
720,-0.1092,0.4154,0.8556,1,0.4542,0.0246,0.081,-0.074,-0.1022,-0.1972,-0.1796,23
721,-0.2008,0.4074,0.3858,0.7578,0.7598,0.8032,0.685,0.622,0.498,0.3976,0.3426,23
722,-0.6348,0.036,0.012,0.1318,0.3832,0.533,0.7186,0.7186,0.3652,0.3114,0.2216,24
723,-0.716,0.136,0.1834,0.0888,0.3728,0.5266,0.8106,0.9054,0.5148,0.4082,0.3728,24
724,-0.167,0.3974,0.545,0.8906,0.8434,1,0.7312,0.7872,0.2822,0.161,-0.161,25
725,-0.2114,0.3872,0.4798,0.8384,0.8456,1,0.7934,0.886,0.5178,0.3776,-0.0594,25
726,0.1676,0.9798,0.9798,0.6808,0.6606,0.2606,0.208,0.192,0.1758,-0.002,-0.0586,26
727,-0.044,0.9492,1,0.4474,0.5152,0.122,0.2338,0.139,0.2746,-0.0204,0,26
728,-0.3892,-0.0014,0.2804,0.3724,0.8744,0.8354,0.7434,0.576,0.5146,0.1576,0.1186,1
729,-0.3024,0.1076,0.4156,0.5262,0.971,1,1,0.5494,0.3896,-0.0378,-0.1424,1
730,0.0324,1,0.949,0.8102,0.5648,0.5092,0.1482,-0.1806,-0.4676,-0.7084,-0.875,2
731,-0.614,-0.026,0.1026,0.2344,0.0934,-0.4732,-0.3232,-0.3324,-0.4548,-0.4058,-0.4824,2
732,-0.1726,0.8672,0.8982,0.6018,0.5486,0.3894,0.3894,-0.3142,-0.3318,-0.6858,-0.6858,3
733,-0.6282,0.1498,0.2152,0.4526,0.1808,-0.129,-0.198,-0.0534,-0.0878,-0.019,-0.4252,3
734,0.018,0.8552,0.7738,0.7648,0.5566,0.5384,0.2352,-0.0724,-0.5294,-0.5566,-0.8868,4
735,-0.5748,0.1522,0.158,-0.0114,-0.0718,0.023,-0.0748,-0.158,-0.2816,-0.6006,-0.6696,4
736,-0.3076,0.3106,0.32,0.2086,0.014,0.0294,-0.088,-0.1036,-0.3354,-0.5858,-0.5456,5
737,-0.634,-0.1008,0.0548,0.2478,-0.075,-0.1642,-0.1586,-0.193,-0.4582,-0.5044,-0.6974,5
738,-0.4192,-0.048,0.2314,0.3232,0.6288,0.773,1,0.7772,0.5414,0.3014,0.1442,6
739,-0.4286,0.067,0.1312,0.2944,0.6794,0.7842,0.9766,0.8834,0.481,0.3062,0.067,6
740,-0.0194,0.6774,0.8194,1,0.2646,-0.0388,-0.0968,-0.387,-0.9162,-0.787,-0.7742,7
741,-0.1476,0.4692,0.3458,0.5588,0.1252,-0.2412,-0.1514,-0.2038,-0.828,-0.944,-0.8206,7
742,-0.393,0.0136,0.3388,0.3876,0.767,0.7398,0.4526,0.3388,0.1544,0.0136,0.0298,8
743,-0.2828,0.154,0.361,0.4758,1,0.9632,0.6046,0.4344,0.292,-0.1034,-0.2,8
744,-0.5218,-0.2342,0.0072,0.017,0.1618,0.4856,0.7028,1,0.983,0.9468,0.901,9
745,-0.3796,0.032,0.0056,0.131,0.2696,0.3444,0.714,0.8438,1,0.7448,0.5116,9
746,-0.1266,0.4462,0.405,0.6424,0.4716,0.3354,-0.019,-0.1076,-0.1518,-0.1804,-0.269,10
747,-0.2686,0.2606,0.3618,0.4788,0.1862,0.2368,0.218,0.141,-0.0984,-0.2872,-0.3564,10
748,0.2792,0.6532,0.458,-0.1544,-0.2412,-0.4742,-0.2954,-0.3334,-0.5392,-0.7452,-0.7616,11
749,-0.466,0.6702,0.7434,0.4974,0.602,0.7486,0.932,0.4084,0.2252,-0.178,-0.2828,11
750,-0.4518,-0.0874,0.126,0.2296,0.523,0.7392,1,0.8962,0.44,0.194,0.126,12
751,-0.315,0.0856,0.156,0.2202,0.5076,0.8288,1,0.6942,0.4678,0.2416,0.11,12
752,-0.0922,0.5216,0.4178,0.6138,0.8704,1,0.8472,0.8674,0.1182,-0.0606,-0.3804,13
753,-0.4786,0.062,-0.0452,0.1358,0.5858,0.6976,0.7858,0.8024,0.2928,0.2858,0.0642,13
754,-0.2184,0.3426,0.2676,0.5354,0.8372,1,0.7752,0.6146,0.2698,0.1862,-0.075,14
755,-0.611,-0.0478,-0.0954,0.0764,0.4224,0.5848,0.5226,0.5346,0.0596,0.0812,-0.1958,14
756,-0.2938,0.1806,0.2438,0.4414,0.9052,1,0.9052,0.9184,0.8024,0.7444,0.826,15
757,-0.295,0.1842,0.2248,0.392,0.8464,0.9526,0.939,0.9074,1,0.9254,0.6564,15
758,-0.2794,0.4558,0.5588,0.8676,0.5882,0.2794,0.0148,0.0442,-0.5,-0.5588,-0.6764,16
759,-0.9742,0.0774,0.1752,0.031,-0.0464,-0.5774,-0.464,-0.4432,-0.3402,-0.7836,-0.8762,16
760,-0.1424,0.8792,0.965,0.2788,0.271,0.1656,0.3216,-0.15,-0.5204,-0.7816,-0.5634,17
761,-0.2948,0.7066,0.7838,0.1112,-0.1378,-0.0192,0.2,0.0014,-0.2918,-0.4222,-0.5704,17
762,-0.2916,0.1332,0.0408,0.1838,0.3994,0.4346,0.7932,0.835,1,0.8174,0.4478,18
763,-0.7364,-0.4496,-0.137,-0.1308,0.0244,0.5218,0.8512,1,0.8044,0.7748,0.6834,18
764,-0.3108,0.0726,0.2176,0.2902,0.7254,0.8756,1,0.6374,0.3212,-0.031,-0.2176,19
765,-0.484,0.0192,0.1088,0.275,0.6886,0.7442,0.838,0.774,0.42,0.2708,0.1856,19
766,-0.3078,0.9094,1,0.1504,0.1264,-0.0214,0.1886,-0.0978,-0.4224,-0.623,-0.8806,20
767,-0.792,0.1176,0.21,-0.3372,-0.4336,-0.3294,-0.2602,-0.4836,-0.449,-0.7418,-0.7764,20
768,0.0022,0.7688,0.5964,0.161,0.1248,0.2426,-0.474,-0.424,-0.6734,-0.8276,-0.796,21
769,0.049,0.9696,0.8884,0.2894,0.0762,0.1032,-0.5262,-0.6684,-0.6988,-0.6852,-0.7564,21
770,-0.0198,0.6094,0.6022,0.8336,0.472,0.1428,-0.0742,-0.0886,-0.3634,-0.4538,-0.584,22
771,-0.3534,0.1846,0.1444,0.3534,0.0702,-0.0014,0.0702,0.0786,-0.073,-0.156,-0.4134,22
772,0.2914,0.5162,0.6152,0.7942,0.9124,0.9352,0.882,0.8896,1,0.3942,-0.2534,23
773,-0.1008,0.4962,0.6228,0.8166,0.9044,0.925,1,0.8812,0.8398,0.5168,-0.248,23
774,-0.4138,-0.0874,0.1536,0.2104,0.4752,0.8298,0.9574,0.6644,0.2434,0.0828,0.1064,24
775,-0.383,0.0078,0.167,0.2596,0.6042,0.7378,1,0.815,0.203,0.0128,-0.0232,24
776,-0.0926,0.5028,0.8848,1,0.764,0.6488,0.6994,0.2276,0.1516,-0.486,-0.5758,25
777,-0.4424,0.283,1,0.9246,0.6478,0.5094,0.1782,-0.4382,-0.2328,-0.2286,-0.2872,25
778,0.043,0.7496,0.772,1,0.5888,0.286,-0.2972,-0.3496,-0.3458,-0.4954,-0.585,26
779,-0.2344,0.3012,0.4602,0.544,-0.1674,-0.0754,0.1172,-0.2468,-0.523,-0.523,-0.5984,26
780,-0.328,0.4688,0.485,0.756,0.7778,0.962,1,0.439,0.496,0.019,0.1138,1
781,-0.3886,0.521,0.5644,0.6458,0.707,0.8904,1,0.5236,0.2866,-0.0446,0.1082,1
782,-0.1442,0.8542,0.906,0.8088,0.8638,0.209,0.316,-0.115,0.0438,-0.2576,-0.0988,2
783,-0.5234,0.355,0.4482,0.3212,0.4068,0.0414,0.0104,-0.127,-0.1088,-0.1554,-0.057,2
784,-0.8604,0.5194,0.7674,0.5156,0.407,0.407,-0.155,-0.0542,-0.2404,-0.2094,-0.1744,3
785,-0.7148,0.5,0.657,0.2628,0.4166,0.282,-0.0128,0.016,-0.3462,-0.2052,-0.2084,3
786,-0.4368,0.5144,0.5748,0.3908,0.4282,-0.0344,0.0546,-0.3592,-0.1752,-0.4454,-0.2874,4
787,-0.205,0.7322,0.749,0.6792,0.668,0.127,0.1352,-0.191,-0.1882,-0.2998,-0.2998,4
788,-0.6934,0.5172,0.6966,0.527,0.6476,0.3474,0.0898,-0.0342,-0.2104,-0.1582,-0.4356,5
789,-0.5,0.4948,0.5678,0.3802,0.5,0.164,0.0338,-0.1224,-0.3152,-0.4532,-0.336,5
790,-0.559,0.133,0.1406,0.4448,0.5362,0.9468,1,0.7642,0.673,0.4524,0.4904,6
791,-0.6282,0.173,0.2372,0.4102,0.5064,0.8398,1,0.8206,0.7564,0.609,0.5834,6
792,-0.7802,0.4152,0.5418,0.1658,0.311,0.1658,0.0316,0.0168,-0.285,-0.177,-0.3632,7
793,-0.6482,0.3392,0.4346,0.1582,0.2788,-0.0302,-0.0226,-0.1432,-0.2562,-0.289,-0.2538,7
794,-0.6884,-0.065,-0.0064,0.409,0.565,0.552,0.5194,0.1038,0.1168,-0.0194,0.013,8
795,-0.7714,-0.0022,0.134,0.3142,0.5692,0.477,0.5692,0.4814,0.2088,0.099,0.1736,8
796,-0.4576,0.1566,0.1374,0.3166,0.264,0.6678,0.601,0.9976,0.9212,0.8924,0.816,9
797,-0.5532,0.1362,0.1724,0.2224,0.2626,0.6052,0.6492,0.9038,1,0.6332,0.6352,9
798,-0.4978,0.4532,0.5274,0.795,0.9138,0.5274,0.5216,0.2482,0.1798,0.0194,0.156,10
799,-0.5098,0.415,0.4706,0.9052,1,0.5032,0.4314,-0.0262,0.1144,-0.1896,0.0718,10
800,-0.5038,0.5216,0.6174,0.5696,0.7428,0.5844,0.8356,0.71,0.133,0.133,0.0194,11
801,-0.9858,0.4452,0.7386,0.5478,0.9046,0.9788,0.5902,0.7068,0.6502,0.0282,0.2084,11
802,-0.363,0.293,0.2876,0.578,0.5456,1,0.9758,0.6882,0.6452,0.4248,0.3844,12
803,-0.597,0.293,0.37,0.4384,0.5616,0.76,1,0.826,0.2488,0.1454,0.1872,12
804,-0.2596,0.5428,0.5476,0.6904,0.6642,1,0.988,0.769,0.7596,0.231,0.2404,13
805,-0.5506,0.4556,0.5464,0.633,0.7806,0.7236,1,0.827,0.557,0.4662,0.3714,13
806,-0.2104,0.594,0.5794,0.7442,0.6924,0.9656,0.9188,0.6064,0.5326,0.0996,0.0528,14
807,-0.327,0.4662,0.479,0.6378,0.6442,0.9314,0.9378,0.7128,0.6892,0.2626,0.2798,14
808,-0.5772,0.1414,0.2218,0.4682,0.5642,0.8806,1,0.7744,0.7484,0.5824,0.7666,15
809,-0.6178,0.2286,0.3036,0.409,0.55,0.7304,1,0.8804,0.559,0.525,0.6786,15
810,0.1046,0.1506,-0.3808,-0.272,-0.318,-0.5188,-0.4686,-0.6066,-0.9164,-0.7154,-0.5816,16
811,-0.7294,0.4648,0.9108,0.7986,0.0274,0.272,0.0762,-0.0792,-0.0676,-0.505,-0.2172,16
812,-0.7946,0.7232,0.9832,0.5808,0.2076,0.1404,-0.392,-0.2578,-0.6394,-0.719,-0.7484,17
813,-0.846,0.4686,0.8774,0.7202,0.173,0.3742,-0.0346,-0.2202,-0.261,-0.5692,-0.2202,17
814,-0.619,0.0312,0.0502,0.274,0.3308,0.672,0.7612,0.9602,1,0.8028,0.8654,18
815,-0.5258,0.0774,0.1116,0.2956,0.3092,0.6324,0.6254,1,0.9982,0.7492,0.7904,18
816,-0.8346,0.0802,0.1834,0.3024,0.509,0.695,0.938,0.9638,0.4884,0.4522,0.4626,19
817,-0.503,0.2814,0.3234,0.455,0.509,0.8982,1,0.7186,0.7604,0.3652,0.455,19
818,-0.8638,0.6764,0.8876,0.5536,0.3322,0.264,-0.2742,-0.1482,-0.4822,-0.3288,-0.4412,20
819,-0.959,0.5994,0.8296,0.5268,0.4132,0.3754,-0.2366,-0.123,-0.4638,-0.366,-0.41,20
820,0.109,1,0.9236,-0.0582,-0.2436,-0.6546,-0.589,-0.469,-0.7164,-0.7454,-0.8072,21
821,-0.0822,1,0.8714,-0.4928,-0.6928,-0.7642,-0.625,-0.55,-0.8858,-0.725,-0.7072,21
822,-0.1034,0.8294,0.8402,0.873,0.8512,0.2232,0.2414,0.0852,0.0852,-0.0236,0.0164,22
823,-0.0616,0.7398,0.7158,0.9042,0.7946,0.113,0.0274,-0.0172,-0.1746,-0.0136,-0.1232,22
824,-0.6362,0.3328,0.4114,0.8756,1,0.852,0.9926,0.7294,0.6326,0.4516,0.7184,23
825,0.1352,0.6716,0.5468,0.659,-0.16,-0.4096,-0.5094,-0.5926,-0.5884,-0.5218,-0.4844,23
826,-0.3958,0.3192,0.3192,0.583,0.5574,1,1,0.651,0.6426,0.4128,0.4212,24
827,-0.7224,0.1292,0.1962,0.3206,0.445,0.7608,1,0.8756,0.5406,0.445,0.445,24
828,-0.097,0.5602,0.6792,0.956,0.78,0.925,0.9716,1,0.5446,0.4954,0.1022,25
829,-0.1108,0.7044,0.6254,1,0.8364,0.6992,0.5356,0.7282,0.3562,0.1952,-0.1794,25
830,0.0528,0.9472,0.8838,1,0.817,0.0282,-0.0564,0.1022,-0.1126,0.0388,-0.2078,26
831,-0.1338,0.7888,0.8262,0.6126,0.6338,0.054,0.0962,-0.0938,-0.0306,-0.3262,-0.2136,26
832,-0.9224,0.37,0.525,0.664,1,0.79,0.0598,-0.0306,-0.2536,-0.2246,-0.3732,1
833,-0.2772,0.429,0.4644,0.692,0.7156,0.6824,0.6516,0.3176,0.2772,0.0876,0.0854,1
834,-0.1456,0.8298,0.879,0.5916,0.516,-0.0396,-0.0322,-0.1228,-0.1154,-0.3044,-0.2022,2
835,0.1384,0.9654,0.9688,0.7854,0.7162,0.1418,0.1142,-0.2976,-0.2838,-0.3184,-0.4014,2
836,-0.1888,0.903,1,0.6582,0.7398,0.1174,0.3164,-0.1378,-0.0306,-0.296,-0.2142,3
837,0.2138,0.977,1,0.9504,0.9312,0.3854,0.4008,0.2138,0.3168,0.168,0.1908,3
838,-0.1196,0.6356,0.613,0.4536,0.37,0.0018,-0.1196,-0.2676,-0.3966,-0.3206,-0.4762,4
839,0.009,0.8336,0.7866,0.7576,0.6348,0.1538,-0.0162,-0.2008,-0.396,-0.2442,-0.5046,4
840,-0.6012,0.5558,0.7708,0.536,0.3352,-0.01,-0.1486,-0.3154,-0.3268,-0.3126,-0.3804,5
841,-0.0338,0.9448,1,0.7546,0.6932,0.0614,0.0982,-0.1226,-0.0644,-0.4786,-0.319,5
842,-0.7438,0.3224,0.4794,0.6528,1,0.8842,0.372,0.1404,-0.0662,-0.0662,-0.2066,6
843,-0.9176,0.347,0.4982,0.7182,1,0.8694,0.5258,0.2646,-0.0722,-0.0928,-0.2714,6
844,0.2148,0.9802,0.995,0.7186,0.7136,0.3728,0.3828,0.1556,0.1754,-0.0518,0.0124,7
845,0.0074,0.7134,0.7224,0.6336,0.613,0.164,0.1698,0.0428,0.0546,0.0192,0.031,7
846,-0.134,0.4636,0.3966,0.6928,0.553,0.3744,0.2402,0.0112,-0.1844,-0.2738,-0.1956,8
847,-0.1122,0.5698,0.5744,0.8718,0.9084,0.6796,0.6292,0.2356,0.2036,0.039,-0.0252,8
848,-0.3744,0.1764,0.1328,0.273,0.384,0.616,0.8502,1,0.7996,0.7682,0.8696,9
849,-0.3388,0.1552,0.1306,0.304,0.4816,0.6756,0.8572,1,0.7816,0.7552,0.8244,9
850,-0.0548,0.5414,0.609,1,0.91,0.4572,0.277,0.218,0.0324,0.1758,0.0886,10
851,-0.0338,0.6084,0.6056,1,0.9802,0.369,0.3154,0.2338,0.1718,0.1324,0.0732,10
852,0.1492,0.9006,0.9126,1,0.9722,0.654,0.654,0.2246,0.2406,0.0656,0.1054,11
853,-0.1698,0.6688,0.6974,0.9222,1,0.64,0.6932,0.1942,0.1902,-0.1002,0.0674,11
854,-0.3054,0.4078,0.3922,0.7024,0.6528,1,0.9658,0.3706,0.293,0.1938,0.1472,12
855,-0.1052,0.5144,0.4928,0.6626,0.7178,1,0.9162,0.4066,0.268,0.1746,0.0502,12
856,-0.1624,0.5812,0.5974,0.8148,0.804,0.5892,0.5946,0.2644,0.243,0.0068,0.0068,13
857,-0.0542,0.6578,0.655,1,0.9834,0.6468,0.6384,0.2574,0.2378,-0.0486,-0.0848,13
858,-0.086,0.6238,0.6106,0.9338,0.9046,0.6476,0.5444,0.2928,0.1312,0.1046,-0.065,14
859,-0.0016,0.7354,0.6818,1,0.8962,0.6148,0.4438,0.2764,-0.0252,0.005,-0.3266,14
860,-0.8888,0.2448,0.4286,0.44,0.8164,1,0.8526,0.6734,0.703,0.4626,0.2698,15
861,-0.1024,0.5092,0.5008,0.7054,0.7194,1,0.9496,0.8092,0.7082,0.4558,0.2762,15
862,-0.1414,0.9268,1,0.6,0.6634,0.1464,0.0488,-0.2878,-0.1074,-0.3366,-0.3512,16
863,-0.1716,0.9142,1,0.5752,0.5536,0.2618,0.176,0.06,-0.1158,-0.2104,-0.176,16
864,-0.183,0.7984,0.8674,0.5332,0.618,0.13,0.1778,-0.077,-0.1194,-0.2892,-0.2466,17
865,0.039,0.9134,0.9654,0.7186,0.762,0.2468,0.2988,0.0736,0.1126,-0.2252,-0.1038,17
866,-0.3092,0.2814,0.2368,0.429,0.649,0.8412,0.9304,1,0.7994,0.8718,0.635,18
867,-0.1934,0.3378,0.3088,0.4512,0.6222,0.8934,0.8512,1,0.8422,0.8622,0.6334,18
868,-0.2534,0.493,0.4838,0.6406,0.788,1,0.9078,0.6866,0.4286,0.4378,0.2812,19
869,-0.2646,0.4838,0.5162,0.8646,0.929,0.8258,0.942,0.5678,0.5678,0.3162,0.4322,19
870,-0.2322,0.8152,0.872,0.6018,0.635,-0.0616,0.0474,-0.3744,-0.2938,-0.5688,-0.4454,20
871,-0.1154,0.9424,1,0.7116,0.7932,0.3894,0.202,0.0384,-0.0432,-0.1442,-0.2164,20
872,0.2024,0.992,0.9272,0.587,0.4292,-0.0404,-0.2794,-0.336,-0.66,-0.5384,-0.502,21
873,0.1948,1,0.9274,0.5214,0.3202,-0.1288,-0.462,-0.4488,-0.6006,-0.8184,-0.835,21
874,0.2318,1,0.9546,0.799,0.692,0.1702,0.0406,-0.0956,-0.141,-0.1184,-0.1636,22
875,0.2352,0.9944,1,0.864,0.8584,0.3002,0.323,0.0964,0.1274,-0.0794,-0.0254,22
876,-0.1142,0.5164,0.5368,1,0.9344,0.6226,0.53,0.5888,0.4802,0.6226,0.5232,23
877,-0.0508,0.6582,0.6244,1,0.895,0.8884,0.7664,0.5972,0.4534,0.4332,0.4044,23
878,-1,0.2406,0.443,0.4936,1,0.9578,0.232,0.097,-0.114,-0.2068,-0.3164,24
879,-0.2328,0.3836,0.3768,0.589,0.6028,0.9246,0.952,0.6506,0.4864,0.3972,0.315,24
880,-0.081,0.6168,0.5896,1,0.9202,0.7538,0.6374,0.2428,0.1152,-0.3592,-0.512,25
881,-0.0888,0.59,0.564,1,0.94,0.7102,0.6032,-0.1044,-0.1958,-0.5352,-0.6528,25
882,0.1906,0.9638,0.9746,0.9382,0.8766,0.3902,0.2814,0.118,-0.0054,0.0128,-0.0708,26
883,0.2034,0.983,0.9458,1,0.8848,0.3356,0.2678,0.1966,0.0542,0.0372,-0.0576,26
884,-0.3686,0.1156,0.306,0.5028,0.5784,0.6044,0.2972,0.2886,0.0962,0.0572,0.1156,1
885,-0.1696,0.4344,0.4248,0.7472,0.6944,0.7376,0.6486,0.4056,0.302,0.3262,0.2082,1
886,0.0466,1,0.9362,0.7788,0.6168,0.032,-0.2138,-0.2776,-0.6412,-0.371,-0.5282,2
887,-0.23,0.5432,0.54,0.5208,0.4728,0.0256,-0.0096,-0.3258,-0.3514,-0.2236,-0.246,2
888,-0.265,0.66,0.685,0.455,0.4,-0.1,-0.105,-0.28,-0.425,-0.355,-0.365,3
889,-0.1382,0.6772,0.7172,0.4876,0.4708,0.0216,0.0716,-0.1282,-0.0916,-0.2246,-0.1846,3
890,0.058,0.8356,0.7644,0.5814,0.3758,-0.1102,-0.4468,-0.3234,-0.4468,-0.4318,-0.3496,4
891,-0.127,0.4364,0.3388,0.5342,0.3094,-0.0162,-0.1628,-0.1074,-0.2476,-0.2768,-0.2378,4
892,0.0496,0.7914,0.7682,0.4802,0.3378,-0.1292,-0.308,-0.2218,-0.457,-0.341,-0.4272,5
893,-0.2478,0.3732,0.3702,0.2186,0.1312,-0.1662,-0.2594,-0.2478,-0.382,-0.2244,-0.3616,5
894,-0.301,0.199,0.213,0.551,0.537,0.7732,0.699,0.4444,0.324,0.287,0.1944,6
895,-0.4354,0.3298,0.3878,0.62,0.884,0.9894,0.7572,0.599,0.2982,0.2612,0.1926,6
896,-0.0912,0.504,0.4336,0.5392,0.3696,-0.008,-0.2416,-0.1648,-0.2608,-0.2288,-0.2704,7
897,-0.0746,0.7836,0.7426,0.6082,0.5186,-0.0262,-0.194,-0.3432,-0.556,-0.3544,-0.6828,7
898,-0.2728,0.2636,0.4682,0.759,0.5864,0.7136,0.491,0.3818,0.2682,0.3228,0.2046,8
899,-0.329,0.355,0.5374,0.8372,0.8958,0.6678,0.1596,-0.0098,-0.1986,-0.127,-0.127,8
900,-0.4046,0.0488,0.0744,0.2162,0.407,0.5628,0.8906,0.9488,0.9396,0.8558,0.8838,9
901,-0.4206,0.0482,0.1116,0.2814,0.437,0.5394,0.9406,1,0.8996,0.8382,0.9652,9
902,-0.164,0.427,0.7766,0.9676,0.7298,0.2648,0.1424,0.081,-0.063,-0.11,-0.1136,10
903,-0.215,0.5488,0.5488,1,0.9396,0.0728,-0.0408,0.055,-0.254,-0.1154,-0.2896,10
904,-0.251,0.5362,0.5064,0.6808,0.6936,0.5234,0.532,0.2978,0.2086,0.0042,-0.0978,11
905,-0.3156,0.5644,0.56,0.8044,0.8488,0.6356,0.3956,0.1066,0.0978,-0.0178,-0.1112,11
906,-0.3606,0.0156,0.258,0.3814,0.816,0.8224,0.513,0.4336,0.2602,0.1724,0.2246,12
907,-0.283,0.2634,0.3048,0.5658,0.7586,0.8976,0.7098,0.5048,0.2854,0.2976,0.2512,12
908,-0.1844,0.3818,0.3036,0.5098,0.5336,0.5814,0.217,0.1758,0.0044,-0.0456,-0.1194,13
909,-0.2334,0.2834,0.2548,0.412,0.7428,0.8238,0.4334,0.3572,0.162,0.1048,0.0858,13
910,-0.1752,0.4756,0.4598,0.7338,0.6654,0.465,0.2332,0.1014,-0.1146,-0.1304,-0.1384,14
911,-0.1632,0.3572,0.278,0.4362,0.403,0.4974,0.1914,0.2118,0.0358,-0.028,-0.028,14
912,-0.3868,0.1002,0.2894,0.3554,0.6992,0.8194,0.7936,0.6934,0.5244,0.5816,0.6562,15
913,-0.2664,0.3284,0.3234,0.6356,0.7794,1,0.8836,0.549,0.482,0.6456,0.777,15
914,-0.0804,0.6626,0.6586,0.3092,0.2972,-0.1326,-0.1566,-0.3052,-0.2972,-0.3654,-0.3294,16
915,-0.0866,0.8014,0.8556,0.4512,0.4332,-0.0324,0.0686,-0.325,-0.2346,-0.3212,-0.1768,16
916,-0.1432,0.5678,0.599,0.5,0.5442,0.1928,0.2708,-0.0364,0.1016,-0.1588,-0.0156,17
917,0.117,0.8378,0.843,0.516,0.4654,0.0904,0.0586,-0.2048,-0.2102,-0.1356,-0.1968,17
918,-0.3506,0.0848,0.1956,0.2644,0.476,0.7564,1,0.9532,0.7934,0.7614,0.9164,18
919,-0.5166,0.1792,0.1714,0.3386,0.5272,0.6892,0.9708,1,0.8646,0.8804,1,18
920,-0.46,-0.0368,0.1318,0.2398,0.689,0.7452,0.5508,0.365,0.2614,0.2008,0.2008,19
921,-0.301,0.2312,0.2634,0.4892,0.6774,0.7312,0.5162,0.4302,0.1882,0.258,0.172,19
922,0.0982,0.8844,0.896,0.472,0.4182,0.0096,-0.1176,-0.1908,-0.2986,-0.2756,-0.3718,20
923,-0.1402,0.5762,0.6432,0.4512,0.4786,0.1586,0.25,-0.0122,-0.0122,-0.1464,-0.1036,20
924,-0.0014,0.7576,0.7198,0.235,0.0978,-0.1154,-0.2964,-0.4598,-0.4336,-0.4628,-0.3782,21
925,0.296,1,0.9328,-0.0912,-0.264,-0.5232,-0.616,-0.5232,-0.6416,-0.6576,-0.8144,21
926,0.1188,0.8238,0.7662,0.8634,0.7194,0.09,-0.1188,0.0036,-0.2014,-0.1258,-0.2986,22
927,0.1294,0.8326,0.8274,0.702,0.6444,0.2184,0.1294,-0.1686,-0.2366,-0.004,-0.0772,22
928,-0.0158,0.752,0.6614,0.8622,0.6024,0.059,-0.189,-0.122,-0.244,-0.2678,-0.2284,23
929,-0.106,0.5984,0.7424,1,0.8826,0.2954,0.1704,0.2424,0.25,0.3636,0.3636,23
930,-0.5636,0.0662,0.21,0.4696,0.5856,0.7404,0.685,0.4364,0.3426,0.2818,0.2596,24
931,-0.0222,0.6334,0.5888,0.5112,0.5112,1,0.9334,0.8778,0.7334,0.3778,0.2,24
932,0.0136,0.7486,0.7186,1,0.9234,0.5028,0.388,0.5928,0.3798,0.358,-0.071,25
933,0.0682,0.8828,0.7792,1,0.7902,0.2044,0.3324,0.3106,-0.0872,-0.2126,-0.4006,25
934,0.1506,1,0.971,0.6516,0.5354,0.0998,-0.0562,-0.1688,-0.303,-0.1288,-0.2522,26
935,0.1938,0.9354,0.8266,0.8096,0.5408,-0.0918,-0.136,-0.0646,-0.1564,-0.1122,-0.0952,26
936,-0.4698,-0.0602,0.1518,0.4698,0.9132,0.8892,0.518,0.2386,0.1518,0.0988,0.1422,1
937,-0.4632,-0.0934,0.1134,0.348,0.8808,0.9284,0.3996,0.2406,0.161,0.0854,0.157,1
938,-0.3774,0.1806,0.5904,0.5322,0.4936,0.1354,0.0064,-0.1742,-0.213,-0.1838,-0.0354,2
939,-0.3078,0.1264,0.6038,0.5608,0.4558,0.16,0.012,-0.0454,-0.0644,-0.1122,0.136,2
940,-0.2816,0.1224,0.7836,0.7918,0.2938,0.1224,0.2244,-0.0082,-0.0244,0.0082,0.1592,3
941,-0.3244,0.1364,0.6958,0.6196,0.2662,0.0872,0.0872,-0.0022,-0.0514,-0.1052,0.123,3
942,-0.34,0.0342,0.666,0.6902,0.002,-0.2394,-0.2072,-0.324,-0.3844,-0.2796,-0.2234,4
943,-0.3004,0.2108,0.7892,0.6906,0.1704,0.0762,-0.1122,-0.2466,-0.2198,-0.3992,-0.3318,4
944,-0.3226,0.3922,0.9304,0.8098,-0.0766,-0.0256,-0.2112,-0.2714,-0.4338,-0.4802,-0.4338,5
945,-0.5016,0.0572,0.4646,0.3738,-0.2492,-0.4176,-0.4108,-0.3704,-0.5354,-0.5084,-0.357,5
946,-0.4788,-0.0992,0.2012,0.7224,0.8696,0.677,0.2182,0.0312,-0.1784,-0.1444,-0.0254,6
947,-0.5258,-0.2044,0.079,0.4224,0.5258,0.4986,0.2098,0.0844,0.0518,0.0246,0.0408,6
948,-0.1942,0.455,0.9768,0.7798,-0.4202,-0.287,-0.5188,-0.5536,-0.4898,-0.6754,-0.3972,7
949,-0.259,0.1446,0.8494,0.7952,-0.1928,-0.2168,-0.3012,-0.3674,-0.253,-0.3072,-0.265,7
950,-0.3484,0.086,0.1856,0.6924,0.7556,0.638,0.258,0.1222,0.0408,-0.0316,0.077,8
951,-0.5016,-0.12,0.0462,0.4584,0.7354,0.717,0.2184,0.1016,0.0338,-0.0338,0.0462,8
952,-0.5106,-0.1762,0.0304,0.0152,0.4924,0.5866,0.7294,0.9818,0.9118,0.9088,0.9696,9
953,-0.4336,-0.2212,0.0088,0.0796,0.4408,0.5576,0.6318,0.9008,0.9116,0.7664,0.9716,9
954,-0.2406,0.196,0.8412,0.7916,0.8808,0.4988,0.2854,0.1216,0.062,0.0372,0.1812,10
955,-0.3506,0.0464,0.5876,0.6494,0.7578,0.4278,0.1494,0.067,0.0876,0.067,0.2062,10
956,-0.2088,0.2444,0.48,0.6134,1,0.96,0.3688,0.2356,0.3022,0.12,0.2444,11
957,-0.1548,0.3274,0.369,0.6012,1,0.9464,0.6964,0.2798,0.125,0,0.0238,11
958,-0.505,-0.0802,0.2274,0.5218,0.729,0.7726,0.4582,0.184,-0.0402,0.0502,0.0836,12
959,-0.428,-0.0856,0.082,0.603,0.6722,0.6248,0.1366,0.071,0.0564,-0.0346,0.0784,12
960,-0.3396,-0.0278,0.3982,0.466,0.5648,0.3704,0.1296,-0.0308,-0.071,-0.321,-0.4876,13
961,-0.3678,-0.0904,0.378,0.3412,0.4414,0.2442,0.1506,-0.077,-0.02,-0.1506,-0.572,13
962,-0.3936,-0.0744,0.4468,0.375,0.3936,0.2526,0.149,-0.0026,-0.0904,-0.2102,-0.3804,14
963,-0.4256,-0.0562,0.1976,0.4488,0.4286,0.2352,-0.0476,-0.2324,-0.2236,-0.5758,-0.5614,14
964,-0.4296,-0.1936,0.1972,0.4226,0.8556,1,0.7112,0.4578,0.4894,0.5634,0.9578,15
965,-0.3576,0.0728,0.2406,0.3386,0.8102,0.7974,0.8988,0.7056,0.5316,0.6266,0.8292,15
966,-0.1316,0.3374,0.8724,1,0.5308,0.2634,0.0124,-0.1604,-0.214,-0.2922,-0.2016,16
967,-0.1466,0.3974,0.648,0.7866,0.52,0.1626,0.0774,-0.0134,-0.168,-0.2534,-0.2054,16
968,-0.2968,0.3996,0.582,0.34,-0.0248,-0.2272,-0.3666,-0.3964,-0.466,-0.5224,-0.3566,17
969,-0.1944,0.3292,0.2618,0.3446,0.1578,-0.0414,-0.1914,-0.1608,-0.216,-0.2068,-0.2098,17
970,-0.4458,-0.2012,0.0154,0.1252,0.5556,0.7946,0.8846,0.8874,0.9296,1,0.9382,18
971,-0.438,-0.252,0.0426,0.1162,0.69,0.783,0.8838,0.9342,1,0.9962,0.7596,18
972,-0.4194,-0.0064,0.1548,0.6452,0.6968,0.5548,0.2258,0.0968,-0.071,-0.0904,-0.0646,19
973,-0.534,-0.0226,0.1068,0.631,0.8058,0.6764,0.042,-0.055,-0.2168,-0.3334,-0.3916,19
974,-0.1238,0.4524,0.7048,0.819,0.6,0.262,0.0142,-0.0762,-0.1142,-0.1904,-0.1238,20
975,-0.1352,0.4162,0.8324,0.946,0.4378,0.1784,0.119,-0.1082,-0.2054,-0.2864,-0.1136,20
976,0.2578,0.6684,0.6264,0.2684,-0.379,-0.4684,-0.7052,-0.4736,-0.521,-0.721,-0.8842,21
977,0.0772,0.5292,0.8832,0.5254,-0.1374,-0.2806,-0.5744,-0.8342,-0.8456,-0.985,-0.9398,21
978,-0.3426,0.1124,0.5506,0.5956,0.5338,0.1516,-0.1798,-0.236,-0.264,-0.2922,-0.1516,22
979,-0.3348,0.1572,0.6128,0.435,0.4214,0.2392,-0.057,-0.2072,-0.1436,-0.2256,0.0206,22
980,-0.3014,0.0352,0.4552,0.8154,1,0.9674,0.915,0.7304,0.7322,0.7358,0.8552,23
981,-0.3132,-0.0208,0.4362,0.833,0.9512,0.8654,0.7308,0.529,0.427,0.369,0.4918,23
982,-0.3924,-0.097,0.1898,0.6372,0.7806,0.9494,0.5444,0.1476,0.1562,-0.114,0.232,24
983,-0.4056,-0.0522,0.0442,0.4618,0.8876,0.8956,0.3574,0.269,0.1726,-0.02,0.1888,24
984,0.1098,0.661,0.877,1,0.8138,0.6686,0.2514,-0.3446,-0.4078,-0.5904,-0.6834,25
985,-0.0154,0.5638,0.85,1,0.925,0.8706,0.5366,-0.2232,-0.5502,-0.666,-0.7206,25
986,-0.135,0.2872,0.8824,0.737,0.3634,0.0726,-0.1142,-0.1418,-0.3218,-0.391,-0.2042,26
987,-0.2366,0.0706,0.7344,0.6016,0.3692,0.0374,-0.2448,-0.3858,-0.4606,-0.4356,-0.2946,26
988,-0.3514,0.021,0.3244,0.5316,0.7448,0.6006,0.1142,-0.03,-0.081,-0.1652,-0.1202,1
989,-0.4426,0.0366,0.308,0.5502,0.7042,0.6968,0.198,0.11,-0.044,-0.0268,0.0464,1
990,-0.1746,0.417,0.3662,0.4704,0.3408,-0.017,-0.2,-0.1522,-0.3888,-0.324,-0.2986,2
991,-0.2696,0.2162,0.2696,0.4606,0.205,-0.177,-0.278,-0.2808,-0.4972,-0.5786,-0.3426,2
992,-0.2058,0.5036,0.489,0.8014,0.658,0.022,-0.1764,-0.2132,-0.4338,-0.2904,-0.3236,3
993,-0.1412,0.5118,0.5148,0.5648,0.5058,0.1352,0.0736,-0.0236,-0.0912,-0.0676,-0.1618,3
994,-0.164,0.4024,0.8164,0.8204,0.1992,-0.25,-0.5274,-0.5196,-0.5508,-0.6484,-0.5976,4
995,-0.1834,0.3404,0.2548,0.3786,0.1738,-0.1142,-0.3024,-0.2452,-0.3666,-0.4096,-0.4286,4
996,-0.2156,0.2468,0.3246,0.465,0.0676,-0.213,-0.3584,-0.413,-0.7038,-0.548,-0.4572,5
997,-0.2522,0.2664,0.224,0.2138,0.0436,-0.147,-0.4042,-0.3252,-0.463,-0.4448,-0.459,5
998,-0.5416,-0.0564,0.1694,0.382,0.7808,0.9004,0.5946,0.3488,0.176,0.1562,0.1694,6
